GBIFusageKey,country,region,jurisdiction,jurisdiction_group,prefName,classification,taxonLevel,family,englishName,synonyms,Note,genus_I,is_aquatic,aquatic_type_I,legal_status_india,restriction_type,governing_law
2825328,India,,NATIONAL,,Paphiopedilum druryi,Magnoliopsida,species,Orchidaceae,Drury’s Paphiopedilum,"Cordula druryi, Cypripedium druryi, Paphiopedilum druryi",Most threatened Indian slipper orchid; Agasthyamalai hills; <100 plants,Paphiopedilum,no,,Schedule VI <U+2014> Specified Plant,Collection/trade prohibited,WPA 1972 Schedule VI
2825350,India,,NATIONAL,,Paphiopedilum fairrieanum,Magnoliopsida,species,Orchidaceae,"Fairrie's Paphiopedilum, Lady's Slipper Orchid","Cordula fairrieana, Cypripedium assamicum, Cypripedium fairrieanum, Paphiopedilum fairrieanum, Paphiopedilum fairrieanum bohlmannianum, Paphiopedilum fairrieanum giganteum, Paphiopedilum fairrieanum nigrescens",Himalayan slipper orchid; Sikkim/Arunachal; horticultural demand,Paphiopedilum,no,,Schedule VI <U+2014> Specified Plant,Collection/trade prohibited,WPA 1972 Schedule VI
2825359,India,,NATIONAL,,Paphiopedilum venustum,Magnoliopsida,species,Orchidaceae,Laddy's Slipper Orchid,"Cordula venusta, Cypripedium pardinum, Cypripedium venustum, Cypripedium venustum measuresianum, Cypripedium venustum spectabile, Paphiopedilum pardinum, Paphiopedilum venustum measuresianum, Paphiopedilum venustum pardinum, Paphiopedilum venustum bhutanensis, Paphiopedilum venustum rubrum, Paphiopedilum venustum teestaensis, Stimegas venustum",NE India slipper orchid; lowland forests of Assam/Meghalaya,Paphiopedilum,no,,Schedule VI <U+2014> Specified Plant,Collection/trade prohibited,WPA 1972 Schedule VI
2825586,India,,NATIONAL,,Paphiopedilum villosum,Magnoliopsida,species,Orchidaceae,"Hairy Slipper Orchid, The Hirsute Paphiopedilum, Villose Paphiopedilum","Cordula boxallii, Cordula villosa, Cypripedium boxallii, Cypripedium dilectum, Cypripedium villosum, Paphiopedilum boxallii, Paphiopedilum dilectum, Paphiopedilum villosum",NE India/Myanmar border; sub-montane forests; heavy collection,Paphiopedilum,no,,Schedule VI <U+2014> Specified Plant,Collection/trade prohibited,WPA 1972 Schedule VI
2825197,India,,NATIONAL,,Paphiopedilum spicerianum,Magnoliopsida,species,Orchidaceae,Spicer’s Paphiopedilum,"Cordula spiceriana, Cypripedium spicerianum, Cypripedium spicerianum leodiense, Paphiopedilum spicerianum burkhardii, Paphiopedilum spicerianum immaculatum",NE India endemic; Assam/Nagaland/Manipur; smuggling for trade,Paphiopedilum,no,,Schedule VI <U+2014> Specified Plant,Collection/trade prohibited,WPA 1972 Schedule VI
2825576,India,,NATIONAL,,Paphiopedilum insigne,Magnoliopsida,species,Orchidaceae,Splendid Paphiopedilum,"Cordula insignis, Cypripedium albomarginatum, Cypripedium chantinii, Cypripedium insigne, Cypripedium insigne barrii, Cypripedium insigne boiesianum, Cypripedium insigne robinsonianum, Cypripedium insigne albomarginatum, Cypripedium insigne amesianum, Cypripedium insigne amoenum, Cypripedium insigne aureoalbum, Cypripedium insigne biflorum, Cypripedium insigne chantinii, Cypripedium insigne colosianum, Cypripedium insigne cypheri, Cypripedium insigne duvalii, Cypripedium insigne elegantissimum, Cypripedium insigne eyermannianum, Cypripedium insigne forstermanii, Cypripedium insigne giganteum, Cypripedium insigne gracile, Cypripedium insigne gravesianum, Cypripedium insigne holzhausenianum, Cypripedium insigne kimballianum, Cypripedium insigne madouxianum, Cypripedium insigne maulei, Cypripedium insigne maulei-superbum, Cypripedium insigne maximum, Cypripedium insigne mcfaddenii, Cypripedium insigne moensii, Cypripedium insigne mooreanum, Cypripedium insigne nilsonii, Cypripedium insigne pynaertii, Cypripedium insigne rubrum-maculatum, Cypripedium insigne rubrum-marginatum, Cypripedium insigne sanderae, Cypripedium insigne sanderianum, Cypripedium insigne savageanum, Cypripedium insigne speciosum, Cypripedium insigne sylhetense, Cypripedium insigne tresederi, Cypripedium insigne veitchianum, Cypripedium insigne wallacei, Cypripedium insigne wrightianum, Cypripedium maulei, Paphiopedilum insigne sanderae, Paphiopedilum insigne sanderianum, Paphiopedilum insigne albomarginatum, Paphiopedilum insigne amesianum, Paphiopedilum insigne amoenum, Paphiopedilum insigne aureoalbum, Paphiopedilum insigne biflorum, Paphiopedilum insigne chantinii, Paphiopedilum insigne cypheri, Paphiopedilum insigne duvalii, Paphiopedilum insigne elegantissimum, Paphiopedilum insigne forstermanii, Paphiopedilum insigne giganteum, Paphiopedilum insigne gracile, Paphiopedilum insigne holzhausenianum, Paphiopedilum insigne kimballianum, Paphiopedilum insigne madouxianum, Paphiopedilum insigne maulei, Paphiopedilum insigne maximum, Paphiopedilum insigne moensii, Paphiopedilum insigne mooreanum, Paphiopedilum insigne nilsonii, Paphiopedilum insigne pynaertii, Paphiopedilum insigne rubrum-maculatum, Paphiopedilum insigne rubrum-marginatum, Paphiopedilum insigne speciosum, Paphiopedilum insigne sylhetense, Paphiopedilum insigne tresederi, Paphiopedilum insigne wallacei, Paphiopedilum macfarlanei",NE India; Nagaland/Manipur; historically over-collected for European trade,Paphiopedilum,no,,Schedule VI <U+2014> Specified Plant,Collection/trade prohibited,WPA 1972 Schedule VI
2820366,India,,NATIONAL,,Cypripedium cordigerum,Magnoliopsida,species,Orchidaceae,Heart-Shaped Lip Cypripedium,NA,High-altitude Himalayan orchid; entire genus Schedule VI,Cypripedium,no,,Schedule VI <U+2014> Specified Plant,Collection/trade prohibited,WPA 1972 Schedule VI
2820331,India,,NATIONAL,,Cypripedium himalaicum,Magnoliopsida,species,Orchidaceae,Himalayan Cypripedium,"Cypripedium himalaicum, Cypripedium macranthon himalaicum, Cypripedium macranthos himalaicum",Himalayan alpine orchid; J&K to Arunachal; high-altitude meadows,Cypripedium,no,,Schedule VI <U+2014> Specified Plant,Collection/trade prohibited,WPA 1972 Schedule VI
2820451,India,,NATIONAL,,Cypripedium elegans,Magnoliopsida,species,Orchidaceae,Elegant Cypripedium,Coelogyne elegans,Small Himalayan slipper orchid; Sikkim/Bhutan border forests,Cypripedium,no,,Schedule VI <U+2014> Specified Plant,Collection/trade prohibited,WPA 1972 Schedule VI
2783163,India,,NATIONAL,,Vanda coerulea,Magnoliopsida,species,Orchidaceae,"Blue Orchid, blue orchid","Vanda coerulea, Vanda coerulea delicata, Vanda coerulea luwangalba, Vanda coerulea rogersii, Vanda coerulea hennisiana, Vanda coerulea peetersiana, Vanda peetersiana",NE India; heavily collected for horticulture; blue orchid icon,Vanda,no,,Schedule VI <U+2014> Specified Plant,Collection/trade prohibited,WPA 1972 Schedule VI
2786227,India,,NATIONAL,,Renanthera imschootiana,Magnoliopsida,species,Orchidaceae,Renanthera imschootiana,Renanthera papilio,Red vanda; NE India/Myanmar; montane forest epiphyte; rare,Renanthera,no,,Schedule VI <U+2014> Specified Plant,Collection/trade prohibited,WPA 1972 Schedule VI
2810884,India,,NATIONAL,,Dactylorhiza hatagirea,Magnoliopsida,species,Orchidaceae,Indian marsh orchid,"Dactylorhiza hatagirea doniana, Dactylorhiza hatagirea schlaginweitii, Orchis hatagirea, Orchis hatagirea doniana, Orchis hatagirea schlaginweitii, Orchis latifolia indica",Alpine orchid; used in Shilajit preparation; heavy collection pressure,Dactylorhiza,no,,Schedule VI <U+2014> Specified Plant,Collection/trade prohibited,WPA 1972 Schedule VI
5404129,India,,NATIONAL,,Dolomiaea costus,Magnoliopsida,species,Asteraceae,costus,NA,Critically threatened; traditional medicine and perfumery; Himalayan,Dolomiaea,no,,Schedule VI <U+2014> Specified Plant,Collection/trade prohibited,WPA 1972 Schedule VI
3033840,India,,NATIONAL,,Sinopodophyllum hexandrum,Magnoliopsida,species,Berberidaceae,"Himalayan mayapple, Himalayan Mayapple, Indian Podophyllum, Podophyllum Resin",NA,Source of podophyllotoxin (anti-cancer drug); alpine Himalaya; over-harvested,Sinopodophyllum,no,,Schedule VI <U+2014> Specified Plant,Collection/trade prohibited,WPA 1972 Schedule VI
2683283,India,,NATIONAL,,Cycas beddomei,Cycadopsida,species,Cycadaceae,Beddome’s Cycas,"Cycas circinalis vera, Cycas circinalis beddomei, Cycas pluma",Endemic to Andhra Pradesh; all Cycas spp. Schedule VI,Cycas,no,,Schedule VI <U+2014> Specified Plant,Collection/trade prohibited,WPA 1972 Schedule VI
2683264,India,,NATIONAL,,Cycas circinalis,Cycadopsida,species,Cycadaceae,"Queen Sago, Queen sago, crozier cycas, false sago, fern-palm, queen sago, Sago Palm","Cycas circinalis circinalis, Cycas circinalis gothanii, Cycas circinalis undulata, Cycas circinalis angustifolia, Cycas circinalis glauca, Cycas circinalis vera, Cycas rumphii undulata, Cycas squamosa, Cycas squarrosa, Cycas undulata, Cycas wallichii, Palma polypodiifolia",Queen sago; Western Ghats; traditional food plant; habitat loss,Cycas,no,,Schedule VI <U+2014> Specified Plant,Collection/trade prohibited,WPA 1972 Schedule VI
2683250,India,,NATIONAL,,Cycas pectinata,Cycadopsida,species,Cycadaceae,Cycas pectinata,"Cycas circinalis pectinata, Cycas dilatata, Cycas jenkinsiana, Cycas pectinata, Cycas pectinata pectinata",NE India hill cycad; Assam/Meghalaya/Arunachal; forest loss,Cycas,no,,Schedule VI <U+2014> Specified Plant,Collection/trade prohibited,WPA 1972 Schedule VI
5284540,India,,NATIONAL,,Taxus wallichiana,Pinopsida,species,Taxaceae,"East Himalayan Yew, Himalayan yew, Himalayan Yew","Cephalotaxus celebica, Cephalotaxus mannii, Cephalotaxus sumatrana, Podocarpus celebicus, Taxus baccata wallichiana, Taxus celebica, Taxus chinensis yunnanensis, Taxus contorta mucronata, Taxus florinii, Taxus nucifera, Taxus obscura, Taxus orientalis, Taxus phytonii, Taxus suffnessii, Taxus sumatrana, Taxus sumatrana celebica, Taxus sumatrana obscura, Taxus sumatrana rehderiana, Taxus wallichiana yunnanensis, Taxus wallichiana wallichiana, Taxus yunnanensis",Source of taxol (cancer treatment); heavily exploited across Himalaya,Taxus,no,,Schedule VI <U+2014> Specified Plant,Collection/trade prohibited,WPA 1972 Schedule VI
3169787,India,,NATIONAL,,Rauvolfia serpentina,Magnoliopsida,species,Apocynaceae,"Indian Snakeroot, Java devil-pepper, ajmaline, rauwolfia, serpentine wood, serpentine-wood, snakewood","Ophioxylon album, Ophioxylon obversum, Ophioxylon salutiferum, Ophioxylon serpentinum, Ophioxylon trifoliatum, Rauvolfia obversa, Rauvolfia serpentina obversa, Rauvolfia trifoliata",Sedative alkaloid reserpine; over-collected from wild,Rauvolfia,no,,Schedule VI <U+2014> Specified Plant,Collection/trade prohibited,WPA 1972 Schedule VI
5525642,India,,NATIONAL,,Ceropegia frerei,Magnoliopsida,species,Apocynaceae,Shilajeet plant / Frerea,NA,"Extremely rare succulent; Junnar, Pune dist.; <50 plants known",Ceropegia,no,,Schedule VI <U+2014> Specified Plant,Collection/trade prohibited,WPA 1972 Schedule VI
2755586,India,,NATIONAL,,Dioscorea deltoidea,Magnoliopsida,species,Dioscoreaceae,Elephant's Foot,"Dioscorea deltoidea deltoidea, Dioscorea deltoidea orbiculata, Dioscorea deltoides, Dioscorea nepalensis, Tamus nepalensis",Source of diosgenin (contraceptive); over-harvested in Himalaya,Dioscorea,no,,Schedule VI <U+2014> Specified Plant,Collection/trade prohibited,WPA 1972 Schedule VI
4095989,India,,NATIONAL,,Nardostachys jatamansi,Magnoliopsida,species,Caprifoliaceae,"Indian Nard, Indian Spikenard, Muskroot, Nardin, Nardus Root, Spikenard","Fedia grandiflora, Fedia jatamansi, Nardostachys chinensis, Nardostachys gracilis, Nardostachys grandiflora, Nardostachys jatamansi, Patrinia jatamansi, Valeriana jatamansi",Himalayan aromatic herb; heavily traded for ayurvedic use; CITES II,Nardostachys,no,,Schedule VI <U+2014> Specified Plant,Collection/trade prohibited,WPA 1972 Schedule VI
3603763,India,,NATIONAL,,Meconopsis regia,Magnoliopsida,species,Papaveraceae,Himalayan poppy,Papaver regium,Alpine poppy; high-altitude endemic; ornamental collection threat,Meconopsis,no,,Schedule VI <U+2014> Specified Plant,Collection/trade prohibited,WPA 1972 Schedule VI
5708628,India,,NATIONAL,,Pterocarpus santalinus,Magnoliopsida,species,Fabaceae,"Almug, Red Sandalwood, Saunderswood, red sandalwood, red sanders, red sanderswood, red saunders, red-sandalwood, Red Sanders","Draco santalum, Lingoum santalinum, Santalum rubrum",Most trafficked plant; smuggling to China/SE Asia; Seshachalam hills endemic,Pterocarpus,no,,Schedule VI <U+2014> Specified Plant,Harvesting / export restricted,WPA 1972 Schedule VI
3702236,India,,NATIONAL,,Nepenthes khasiana,Magnoliopsida,species,Nepenthaceae,Pitcher plant (Indian),"Nepenthes distillatoria, Nepenthes phyllamphora, Nepenthes rubra",Only Nepenthes in India; Meghalaya endemic; carnivorous plant; habitat loss,Nepenthes,no,,Schedule VI <U+2014> Specified Plant,Collection/trade prohibited,WPA 1972 Schedule VI
3064863,India,,NATIONAL,,Euphorbia nivulia,Magnoliopsida,species,Euphorbiaceae,Euphorbia (succulent),"Euphorbia helicothele, Euphorbia neriifolia, Euphorbia nivulia helicothele",Succulent euphorbia; entire genus regulated under CITES,Euphorbia,no,,Schedule VI <U+2014> Specified Plant,Regulated collection/trade,WPA 1972 Schedule VI
3727292,India,,NATIONAL,,Picrorhiza kurroa,Magnoliopsida,species,Plantaginaceae,Kutki / Picrorhiza,NA,Alpine Himalayan herb; hepatoprotective; massively over-collected,Picrorhiza,no,,Schedule VI <U+2014> Specified Plant,Collection/trade prohibited,WPA 1972 Schedule VI
7277241,India,,NATIONAL,,Aconitum heterophyllum,Magnoliopsida,species,Ranunculaceae,Ativisha / Aconitum,"Aconitum atees, Aconitum cordatum, Aconitum heterophyllum, Aconitum heterophyllum heterophyllum, Aconitum heterophyllum roylei, Aconitum petiolare",Himalayan monkshood; ayurvedic Ativisha; anti-fever; extremely rare,Aconitum,no,,Schedule VI <U+2014> Specified Plant,Collection/trade prohibited,WPA 1972 Schedule VI
7150518,India,,NATIONAL,,Ceropegia,Magnoliopsida,species,Apocynaceae,Ceropegia (India),"Apegia, Aulostephanus, Blepharanthera, Brachystelma, Brachystelmaria, Cinclia, Craterostemma, Decaceras, Dichaelia, Eriopetalum, Kinepetalum, Lasiostelma, Macropetalum, Micraster, Microstemma, Niota, Siphonostelma, Systrepha, Tapeinostelma, Tenaris",Entire genus listed; several Indian endemics CR/EN; tuberous plants,Ceropegia,no,,Schedule VI <U+2014> Specified Plant,Collection/trade prohibited,WPA 1972 Schedule VI
2889785,India,,NATIONAL,,Santalum album,Magnoliopsida,species,Santalaceae,"East Indian sandalwood, Indian Sandalwood, Indian sandalwood, Sandalwood, Sandal, Sandal tree, White sandal tree, White sandalwood, Indian sandalwood, sandalwood, white sandalwood, white saunders, yellow sandalwood, yellow saunders, East Indian Sandalwood","Santalum ellipticum, Santalum myrtifolium, Santalum ovatum, Sirium myrtifolium",Govt ownership in Karnataka; major illicit trade; CITES II since CoP19,Santalum,no,,State Protected Tree / CITES II,Govt owned in Karnataka/AP,Karnataka Forest Act / AP Forest Act / CITES
5524063,India,,NATIONAL,,Aquilaria malaccensis,Magnoliopsida,species,Thymelaeaceae,"Indian aloewood, Malayan eaglewoodtree, agarwood, aloeswood, eaglewood, lign-aloes, Agarwood, Aloeswood, Eaglewood, Lign-aloes","Aquilaria agallocha, Aquilaria moluccensis, Aquilaria secundana, Aquilariella malaccensis, Cynometra agallocha",Resinous heartwood for oud perfume; NE India; massively over-harvested,Aquilaria,no,,CITES App. II <U+2014> Export regulated,Export requires CITES permit,CITES / WPA / EXIM Policy
2825226,India,,NATIONAL,,Paphiopedilum hirsutissimum,Magnoliopsida,species,Orchidaceae,Shaggy Paphiopedilum,"Cordula esquirolii, Cordula hirsutissima, Cypripedium hirsutissimum, Paphiopedilum chiwuanum, Paphiopedilum esquirolei viride, Paphiopedilum esquirolei chiwuanum, Paphiopedilum esquirolii, Paphiopedilum esquirolii chiwuanum, Paphiopedilum hirsutissimum alboviride, Paphiopedilum hirsutissimum saccopetalum, Paphiopedilum hirsutissimum viride, Paphiopedilum hirsutissimum chiwuanum, Paphiopedilum hirsutissimum esquirolii, Paphiopedilum saccopetalum",NE India/SE Asia; large-flowered slipper orchid; smuggling for collectors,Paphiopedilum,no,,CITES App. I,All trade prohibited,CITES / WPA 1972
5317489,India,,NATIONAL,,Dendrobium nobile,Magnoliopsida,species,Orchidaceae,Dendrobium nobile,"Callista nobilis, Dendrobium caerulescens, Dendrobium chlorostylum, Dendrobium coerulescens, Dendrobium formosanum, Dendrobium lindleyanum, Dendrobium nobile cooksonianum, Dendrobium nobile nobilius, Dendrobium nobile virginale, Dendrobium nobile alboluteum, Dendrobium nobile anomalum, Dendrobium nobile excellens, Dendrobium nobile formosanum, Dendrobium nobile luteum, Dendrobium nobile majus, Dendrobium nobile nobilus, Dendrobium nobile splendidum, Dendrobium wallichianum",Noble dendrobium; NE India; TCM ingredient; heavily traded from Himalayan forests,Dendrobium,no,,CITES App. II,Export regulated,CITES
2811153,India,,NATIONAL,,Aerides multiflora,Magnoliopsida,species,Orchidaceae,Aerides multiflora,"Aerides affinis, Aerides godefroyana, Aerides hughii, Aerides lobbii, Aerides multiflora dactyloides, Aerides multiflora lobbii, Aerides multiflora veitchii, Aerides veitchii, Cleisostoma vacherotiana, Epidendrum geniculatum",Fox-brush orchid; W Ghats and NE India; epiphytic; local trade,Aerides,no,,CITES App. II,Export regulated,CITES
2844033,India,,NATIONAL,,Bulbophyllum leopardinum,Magnoliopsida,species,Orchidaceae,Leopard Spotted Bulbophyllum,"Bulbophyllum colomaculosum, Bulbophyllum leopardinum, Bulbophyllum leopardinum leopardinum, Bulbophyllum schmidtianum, Dendrobium leopardinum, Phyllorchis leopardina, Phyllorchis schmidtiana, Phyllorkis leopardina, Phyllorkis schmidtiana, Sarcopodium leopardinum",Himalayan mini-orchid; Sikkim/Arunachal; all Orchidaceae CITES II,Bulbophyllum,no,,CITES App. II,Export regulated,CITES
2811527,India,,NATIONAL,,Coelogyne cristata,Magnoliopsida,species,Orchidaceae,Coelogyne cristata,"Coelogyne cristata hololeuca, Cymbidium speciosissimum, Pleione speciosissima",Angel orchid; Himalayan epiphyte; popular in horticulture; mass-collected,Coelogyne,no,,CITES App. II,Export regulated,CITES
5305553,India,,NATIONAL,,Cymbidium devonianum,Magnoliopsida,species,Orchidaceae,Cymbidium devonianum,"Cymbidium rigidum, Cymbidium sikkimense",NE India pendant cymbidium; popular orchid; wild collection pressure,Cymbidium,no,,CITES App. II,Export regulated,CITES
5310895,India,,NATIONAL,,Phalaenopsis taenialis,Magnoliopsida,species,Orchidaceae,Phalaenopsis taenialis,"Aerides carnosa, Aerides taeniale, Aerides taenialis, Biermannia navicularis, Biermannia taenialis, Doritis braceana, Doritis taenialis, Kingidium braceanum, Kingidium naviculare, Kingidium taeniale, Kingidium taenialis, Kingiella taenialis, Phalaenopsis braceana, Polychilos taenialis",Himalayan Phalaenopsis; deciduous; winter-flowering; collection pressure,Phalaenopsis,no,,CITES App. II,Export regulated,CITES
5321410,India,,NATIONAL,,Pleione praecox,Magnoliopsida,species,Orchidaceae,Pleione praecox,"Coelogyne birmanica, Coelogyne concolor, Coelogyne praecox, Coelogyne praecox sanguinea, Coelogyne praecox tenera, Coelogyne praecox wallichiana, Coelogyne reichenbachiana, Coelogyne wallichiana, Cymbidium praecox, Dendrobium praecox, Epidendrum praecox, Pleione birmanica, Pleione concolor, Pleione praecox candida, Pleione praecox alba, Pleione praecox reichenbachiana, Pleione praecox wallichiana, Pleione reichenbachiana, Pleione wallichiana",Peacock orchid; NE India; autumn-flowering alpine; horticultural demand,Pleione,no,,CITES App. II,Export regulated,CITES
2816952,India,,NATIONAL,,Thunia alba,Magnoliopsida,species,Orchidaceae,Thunia alba,"Phaius albus, Thunia marshallii",White thunia; Himalayan terrestrial orchid; traded for gardens,Thunia,no,,CITES App. II,Export regulated,CITES
5315188,India,,NATIONAL,,Rhynchostylis retusa,Magnoliopsida,species,Orchidaceae,Rhynchostylis retusa,"Aerides guttata, Aerides praemorsa, Aerides retusa, Aerides spicata, Aerides undulata, Epidendrum hippium, Epidendrum indicum, Epidendrum retusum, Gastrochilus blumei, Gastrochilus garwalicus, Gastrochilus retusus, Gastrochilus rheedei, Gastrochilus spicatus, Limodorum retusum, Orchis lanigera, Rhynchostylis albiflora, Rhynchostylis garwalica, Rhynchostylis guttata, Rhynchostylis praemorsa, Rhynchostylis retusa albiflora, Saccolabium blumei, Saccolabium blumei majus, Saccolabium furcatum, Saccolabium garwalicum, Saccolabium guttatum, Saccolabium guttatum giganteum, Saccolabium guttatum holfordii, Saccolabium heathii, Saccolabium macrostachyum, Saccolabium praemorsum, Saccolabium retusum, Saccolabium rheedei, Saccolabium spicatum, Saccolabium violaceum, Sarcanthus guttatus",Foxtail orchid; state flower of Assam/Arunachal; festival use (Bihu),Rhynchostylis,no,,CITES App. II / State flower Assam,Export regulated,CITES / Assam Forest rules
2928840,India,,NATIONAL,,Withania somnifera,Magnoliopsida,species,Solanaceae,"Winter Cherry, Withania, winter-cherry, withania, Rennet","Alicabon somniferum, Hypnoticum somniferum, Larnax morrisonii, Physalis alpini, Physalis arborescens, Physalis flexuosa, Physalis scariosa, Physalis somnifera, Physalis somnifera communis, Physalis somnifera flexuosa, Physalis sugunda, Physalis tomentosa, Physalis villosa, Physaloides somnifera, Withania arborescens, Withania chevalieri, Withania kansuensis, Withania macrocalyx, Withania microphysalis, Withania morisonii, Withania mucronata, Withania obtusifolia, Withania sicula, Withania somnifera obtusifolia, Withania somnifera communis, Withania somnifera flexuosa, Withania somnifera macrocalyx, Withnia somnifera communis",Key ayurvedic adaptogen; wild populations declining; now mostly cultivated,Withania,no,,BD Act <U+2014> ABS regulated,ABS permit for commercial use,Biological Diversity Act 2002
7520328,India,,NATIONAL,,Tinospora cordifolia,Magnoliopsida,species,Menispermaceae,Guduchi / Giloy,"Cocculus convolvulaceus, Menispermum cordifolium, Tinospora cordifolia, Tinospora cordifolia congesta, Tinospora fosbergii",Ayurvedic immunomodulator; demand surged during COVID-19; wild harvest concerns,Tinospora,no,,BD Act <U+2014> ABS regulated,ABS permit for commercial use,Biological Diversity Act 2002
3171169,India,,NATIONAL,,Bacopa monnieri,Magnoliopsida,species,Plantaginaceae,"Indian-pennywort, bacopa, coastal water-hyssop, coastal waterhyssop, herb of grace, herb-of-grace, Monnier's hedge hyssop, water hyssop","? monniera, Allocalyx microphylla, Alonsoa hirsuta, Anisocalyx limnanthiflorus, Bacopa monnieri, Bacopa monnieri cuneifolia, Bacopa monnieria, Bacopa monnieria cuneifolia, Bramia indica, Bramia monniera, Bramia monnieri, Bramia monnieria, Calytriplex obovata, Capraria monnieri, Capraria monnieria, Gratiola monnieri, Gratiola monnieria, Gratiola portulacacea, Gratiola tetrandra, Habershamia cuneifolia, Hemimeris hirsuta, Herpestes monnieria, Herpestis africana, Herpestis brownei, Herpestis calytriplex, Herpestis cuneifolia, Herpestis monniera, Herpestis monnieri, Herpestis monnieria, Herpestis moranensis, Herpestis pedunculosa, Herpestis procumbens, Herpestis spathulata, Hydrotrida beccabunga, Limosella calycina, Lysimachia monnieri, Mecardonia procumbens, Moniera africana, Moniera brownei, Moniera cuneifolia, Moniera moniera, Moniera monnieri, Moniera pedunculosa, Monniera africana, Monniera brownii, Monniera calycina, Monniera cuneifolia, Monniera monniera, Monniera pedunculosa, Ruellia articulata, Thunbergia stolonifera",Memory-enhancing herb; international supplement trade; wetland species,Bacopa,no,,BD Act <U+2014> ABS regulated,ABS permit for commercial use,Biological Diversity Act 2002
2768632,India,,NATIONAL,,Asparagus racemosus,Magnoliopsida,species,Asparagaceae,asparagus-fern,"Asparagopsis abyssinica, Asparagopsis acerosa, Asparagopsis brownei, Asparagopsis decaisnei, Asparagopsis floribunda, Asparagopsis hohenackeri, Asparagopsis javanica, Asparagopsis retrofracta, Asparagopsis sarmentosa, Asparagopsis subquadrangularis, Asparagus acerosus, Asparagus dubius, Asparagus fasciculatus, Asparagus jacquemontii, Asparagus penduliflorus, Asparagus petitianus, Asparagus racemosus javanicus, Asparagus racemosus longicladodius, Asparagus racemosus subacerosus, Asparagus racemosus tetragonus, Asparagus racemosus zeylanicus, Asparagus stachyoides, Asparagus tetragonus, Asparagus zeylanicus, Geitonoplesium scandens, Protasparagus acerosus, Protasparagus jacquemontii, Protasparagus racemosus, Protasparagus racemosus javanicus, Protasparagus racemosus subacerosus, Protasparagus zeylanicus",Ayurvedic tonic; root over-harvest; declining wild populations across India,Asparagus,no,,BD Act <U+2014> ABS regulated,ABS permit for commercial use,Biological Diversity Act 2002
8339877,India,,NATIONAL,,Convolvulus prostratus,Magnoliopsida,species,Convolvulaceae,Shankhpushpi,"Convolvulus austroaegyptiacus, Convolvulus austroaegyptiacus cancerianus, Convolvulus cancerianus, Convolvulus deserti, Convolvulus evolvuloides, Convolvulus heterotrichus, Convolvulus microphyllus, Convolvulus microphyllus boissieri, Convolvulus microphyllus heterotrichus, Convolvulus microphyllus longipes, Convolvulus microphyllus macra, Convolvulus microphyllus orreanus, Convolvulus parvifolius, Convolvulus pilosellifolius orreanus, Convolvulus pluricaulis, Convolvulus pluricaulis macra, Convolvulus prostratus boissieri, Convolvulus prostratus deserti, Convolvulus scindicus, Evolvulus pilosus, Ipomoea microphylla",Brain tonic herb; grassland species; commercial ayurvedic demand,Convolvulus,no,,BD Act <U+2014> ABS regulated,ABS permit for commercial use,Biological Diversity Act 2002
3992808,India,,NATIONAL,,Commiphora wightii,Magnoliopsida,species,Burseraceae,Indian bdellium-tree,"Balsamea mukul, Balsamodendrum mukul, Balsamodendrum roxburghii, Balsamodendrum wightii, Commiphora mukul, Commiphora roxburghii, Commiphora roxburghii serratifolia",Oleo-gum resin for cholesterol; CR; Rajasthan/Gujarat arid zone; over-tapped,Commiphora,no,,BD Act <U+2014> ABS regulated / State protected,Harvest regulated by State FD,Biological Diversity Act 2002 / State Forest Acts
3189723,India,,NATIONAL,,Plantago ovata,Magnoliopsida,species,Plantaginaceae,"Blond Plantain, Indian plantago, Indian plantain, blond plantain, blond psyllium, blonde ispaghula, desert Indianwheat, ispaghul, ispaghula, psyllium, spogel seeds","Plantago albicans, Plantago argentea, Plantago declinata, Plantago decumbens, Plantago decumbens viridis, Plantago insularis typica, Plantago ispaghul, Plantago ispaghula, Plantago lanata, Plantago leiocephala, Plantago mauritii, Plantago microcephala, Plantago monspeliensis, Plantago ovata linearifolia, Plantago ovata decumbens, Plantago ovatifolia, Plantago trichophylla, Plantago villosa",Wild relatives in Rajasthan/Gujarat; cultivated commercially; ABS for genetics,Plantago,no,,BD Act <U+2014> ABS for wild genetic resources,ABS for commercial cultivar development,Biological Diversity Act 2002
2774899,India,,NATIONAL,,Chlorophytum borivilianum,Magnoliopsida,species,Asparagaceae,Safed Musli,NA,Tuberous aphrodisiac herb; wild populations severely depleted; now cultivated,Chlorophytum,no,,BD Act <U+2014> ABS regulated,ABS permit for commercial use,Biological Diversity Act 2002
5381660,India,,NATIONAL,,Phyllanthus emblica,Magnoliopsida,species,Phyllanthaceae,"Emblic, Indian-gooseberry, emblic, emblic myrobalan, Indian Gooseberry","Cicca emblica, Cicca macrocarpa, Diasperus emblica, Diasperus pomifer, Dichelactina nodicaulis, Dichelactina nodicaulus, Emblica arborea, Emblica officinalis, Mirobalanus embilica, Phyllanthus glomeratus, Phyllanthus mairei, Phyllanthus mimosifolius, Phyllanthus pomifer, Phyllanthus taxifolius",Key ayurvedic fruit; NTFP under forest law; commercial ABS applies,Phyllanthus,no,,BD Act <U+2014> ABS regulated / Forest produce,Collection regulated under Forest Acts,Biological Diversity Act 2002 / State Forest Acts
3699548,India,,NATIONAL,,Terminalia arjuna,Magnoliopsida,species,Combretaceae,"arjun, kumbuk, white murdh","Chuncoa glabra, Myrobalanus cuneata, Pentaptera angustifolia, Pentaptera arjuna, Pentaptera cuneata, Pentaptera glabra, Pentaptera obovata, Terminalia arjuna angustifolia, Terminalia berryi, Terminalia cuneata, Terminalia glabra, Terminalia ovalifolia, Terminalia psidiifolia, Terminalia urjan",Cardiotonic bark; heavily harvested for herbal medicine; riverbank species,Terminalia,no,,BD Act <U+2014> ABS regulated,Bark harvest regulated,Biological Diversity Act 2002 / State Forest Acts
5421195,India,,NATIONAL,,Aegle marmelos,Magnoliopsida,species,Rutaceae,"Bael Fruit, Bel, Bengal quince, Bengal-quince, Elephant Apple, Golden Apple, Holy Fruit, Indian Bael, Indian Quince, Indian bael, Indian baelfruit, Stone Apple, Wood Apple, bael, baeltree, belfruit-tree, bengal-quince, golden-apple, Bael Tree","Aegle marmelos, Aegle marmelos mahurensis, Belou marmelos, Bilacus marmelos, Crateva marmelos, Crateva religiosa, Feronia pellucida",Sacred tree; Shiva worship; medicinal fruit; wild harvest monitored,Aegle,no,,BD Act <U+2014> ABS regulated,Collection regulated,Biological Diversity Act 2002
2927100,India,,NATIONAL,,Ocimum tenuiflorum,Magnoliopsida,species,Lamiaceae,"Holy Basil, brush-leaf-tea, holy basil, sacred basil","Geniosporum tenuiflorum, Lumnitzera tenuiflora, Moschosma tenuiflorum, Ocimum flexuosum, Ocimum frutescens, Ocimum hirsutum, Ocimum inodorum, Ocimum monachorum, Ocimum sanctum, Ocimum sanctum cubensis, Ocimum sanctum hirsutum, Ocimum scutellarioides, Ocimum subserratum, Ocimum tenuiflorum villicaulis, Ocimum tomentosum, Ocimum villosum, Plectranthus monachorum",Sacred medicinal herb; commercial supplement industry; ABS required for export,Ocimum,no,,BD Act <U+2014> ABS regulated,ABS for commercial products,Biological Diversity Act 2002
2925649,India,,NATIONAL,,Tectona grandis,Magnoliopsida,species,Lamiaceae,"Bankok teak, Indian Oak, Indian-oak, Segun, Teak, teak","Jatus grandis, Tectona grandis abludens, Tectona grandis canescens, Tectona grandis pilosula, Tectona grandis punctata, Tectona grandis tomentella, Tectona theca, Theka grandis",Logging from natural forests restricted in most states; plantations regulated,Tectona,no,,State Protected <U+2014> felling restricted,Felling requires Forest Dept permit,State Forest Acts (multiple states)
3189684,India,,NATIONAL,,Shorea robusta,Magnoliopsida,species,Dipterocarpaceae,"sal tree, saltree","Dryobalanops robusta, Vatica robusta",Major timber tree; government-controlled; NTFP (sal leaves/seeds) regulated,Shorea,no,,State Protected <U+2014> revenue tree,Felling restricted under Forest Acts,State Forest Acts (UP/MP/Bihar/Jharkhand/WB)
5358521,India,,NATIONAL,,Prosopis cineraria,Magnoliopsida,species,Fabaceae,"jand, jandi","Acacia cineraria, Adenanthera aculeata, Mimosa cineraria, Mimosa cinerea, Prosopis aculeata, Prosopis cineraria, Prosopis spicata, Prosopis spicigera",Desert keystone; Bishnoi community protection; state tree; felling banned,Prosopis,no,,State tree Rajasthan <U+2014> Protected,Felling prohibited,Rajasthan Forest Act / Bishnoi customary law
2968532,India,,NATIONAL,,Dalbergia sissoo,Magnoliopsida,species,Fabaceae,"Indian Rosewood, Indian rosewood, sissoo, sisu","Amerimnon sissoo, Dalbergia pendula, Dalbergia sissoo, Endespermum diversifolium, Pterocarpus sissoo",All Dalbergia CITES II since 2017; major timber; wilt disease devastating plantations,Dalbergia,no,,CITES App. II (all Dalbergia),Export regulated,CITES / State Forest Acts
2968662,India,,NATIONAL,,Dalbergia latifolia,Magnoliopsida,species,Fabaceae,"Bombay blackwood, East Indian rosewood, Indian Rosewood, Indian blackwood, Indian rosewood, Indonesian Rosewood, Malabar rosewood, black rosewood, blackwood, Bombay Blackwood, Malabar Rosewood","Amerimnon javanicum, Amerimnon latifolium, Dalbergia emarginata, Dalbergia javanica",Premium furniture timber; South Indian species; CITES II,Dalbergia,no,,CITES App. II / State Protected,Export prohibited / felling regulated,CITES / Karnataka/Kerala Forest Acts
2968897,India,,NATIONAL,,Dalbergia melanoxylon,Magnoliopsida,species,Fabaceae,"African Ebony, African blackwood, African-ebony, Chinese blackwood, Mozambique Ebony, Mozambique-ebony, Senaar-ebony, Senegal-ebony, Sudan-ebony, african-blackwood, poyi, African Blackwood","Amerimnon melanoxylon, Amerimnon stocksii, Dalbergia stocksii",African blackwood also in Indian trade; all Dalbergia CITES II,Dalbergia,no,,CITES App. II,Export regulated,CITES
2765940,India,,NATIONAL,,Pontederia crassipes,Magnoliopsida,species,Pontederiaceae,"Common water hyacinth, Kachuripana, Water hyacinth, common water hyacinth, common water-hyacinth, floating water hyacinth, floating waterhyacinth, lilac-devil, water hyacinth, water-hyacinth, Water-hyacinth",NA,Major freshwater invasive; covers millions of ha; hydropower threat,Pontederia,no,,Notified Invasive Species,Control mandated by states,EP Act 1986 / State rules
3086784,India,,NATIONAL,,Parthenium hysterophorus,Magnoliopsida,species,Asteraceae,"Santa Maria, Santa Maria feverfew, Santa Maria, Parthenium weed, Santa maria feverfew, Santa-Maria, Santa-Maria, Santa Maria feverfew, Whitetop weed, Famine weed, Carrot grass, Congress grass, Wild Carrot Weed, Parthenium weed, Ragweed parthenium, Bitter-broom, Bitterweed, False camomile, False ragweed, Ragweed, Barley flower, Bastard feverfew, Broomweed, Mugwort, Whiteheads, Wormwood, Whitehead, Whitetop weed, bitterweed, carrot-grass, false ragweed, feverfew, parthenium-weed, ragweed parthenium, whitetop, whitetop weed, Santa Maria Feverfew, Parthenium weed, parthenium","Argyrochaeta bipinnatifida, Argyrochaeta parviflora, Echetrosis pentasperma, Parthenium hysterophorus hysterophorus, Parthenium lobatum, Parthenium pinnatifidum",Widespread invasive; severe human allergy; crop competitor; all states,Parthenium,no,,Invasive / Noxious Weed,State-level control orders,State Agricultural Acts / EP Act
2925303,India,,NATIONAL,,Lantana camara,Magnoliopsida,species,Verbenaceae,"Black Sage, Lantana, Largeleaf Lantana, Sage, Scrubby Cup, Scrubby Tree, Statia Sage, Wild Lantana, Yellow Sage, common lantana, kamara lantana, largeleaf lantana, wild sage, Common Lantana, Wild Sage, shrub verbena, wild sage bush","Camara vulgaris, Lantana camara camara, Lantana camara parvifolia, Lantana coccinea, Lantana glandulodissima, Lantana mexicana, Lantana spinosa, Lantana urticifolia urticifolia",Major forest understory invasive; covers 13M ha; managed in tiger reserves,Lantana,no,,Invasive <U+2014> National Park threat,Eradication in protected areas,WPA 1972 / PA management plans
5358460,India,,NATIONAL,,Prosopis juliflora,Magnoliopsida,species,Fabaceae,"Mesquite, Prosopis, Mesquite, Algaroba bean, Mexican thorn, Ironwood, algarroba-bean, ironwood, mesquite","Acacia juliflora, Algarobia juliflora, Entada juliflora, Mimosa furcata, Mimosa juliflora, Neltuma juliflora, Neltuma occidenatlis, Prosopis vidaliana","Semi-arid invasive; massive spread in Rajasthan, Gujarat, Tamil Nadu; >5M ha",Prosopis,no,,Invasive <U+2014> semi-arid degradation,State control programmes,EP Act 1986 / State rules
5398421,India,,NATIONAL,,Mikania micrantha,Magnoliopsida,species,Asteraceae,"American rope, Chinese creeper, Mile-a-minute weed, Chinese creeper, Mile-a-minute, bittervine, climbing hempweed, mikania-vine, mile-a-minute, Mile-a-minute Weed","Eupatorium denticulatum, Eupatorium orinocense, Eupatorium orinocense tamoides, Eupatorium orinocense batatifolium, Eupatorium orinocense orinocense, Mikania batatifolia, Mikania cordata indica, Mikania deltoides, Mikania denticulata, Mikania glechomaefolia, Mikania glechomifolia, Mikania micrantha hirsuta, Mikania micrantha typica, Mikania micrantha micrantha, Mikania micrantha cynanchifolia, Mikania orinocensis, Mikania scandens genuina, Mikania scandens pubescens, Mikania scandens cynanchifolia, Mikania scandens sagittifolia, Mikania scandens subcymosa, Mikania scandens umbellifera, Mikania scandens hirsuta, Mikania scandens villosa, Mikania sinuata, Mikania subcrenata, Mikania subcymosa, Mikania tamoides, Mikania umbellifera, Mikania variabilis, Willoughbya heterophylla, Willoughbya micrantha, Willoughbya scandens orinocensis, Willoughbya variabilis",Smothering climber; invades tea gardens and NE India forests; rapid growth,Mikania,no,,Invasive <U+2014> NE India / Western Ghats,Eradication in protected areas,WPA 1972 / PA management plans
3087725,India,,NATIONAL,,Chromolaena odorata,Magnoliopsida,species,Asteraceae,"Bitter bush, Jack in the bush, Siam weed, Triffid weed, Christmas Bush, Christmasbush, Jack in the bush, Siamweed, bitterbush, butterfly-weed, devilweed, hagonoy, jack-in-the-bush, paraffin-weed, triffidweed, Siam weed","Chromolaena barranquillensis, Chromolaena clematitis, Chromolaena odorata squarrosa, Chrysocoma maculata, Chrysocoma volubilis, Eupatorium atriplicifolium, Eupatorium barranquillense, Eupatorium brachiatum, Eupatorium clematitis, Eupatorium conyzoides, Eupatorium conyzoides angustiflorum, Eupatorium conyzoides conyzoides, Eupatorium conyzoides glabratum, Eupatorium conyzoides floribunda, Eupatorium conyzoides heterolepis, Eupatorium conyzoides incanum, Eupatorium conyzoides paucidentatum, Eupatorium conyzoides pauciflorum, Eupatorium conyzoides scaberulum, Eupatorium conyzoides tambillense, Eupatorium conyzoides extensum, Eupatorium conyzoides floribundum, Eupatorium conyzoides glabrescens, Eupatorium conyzoides maximiliani, Eupatorium conyzoides phyllocephalum, Eupatorium dichotomum, Eupatorium divergens, Eupatorium floribundum, Eupatorium graciliflorum, Eupatorium incisum, Eupatorium klattii, Eupatorium margaritense glabrescens, Eupatorium margaritense heterolepis, Eupatorium margaritense phyllocephalum, Eupatorium odoratum, Eupatorium odoratum odoratum, Eupatorium odoratum scandens, Eupatorium odoratum squarrosum, Eupatorium odoratum brachiatum, Eupatorium odoratum cubense, Eupatorium odoratum mallotophyllum, Eupatorium odoratum pauciflorum, Eupatorium sabeanum, Eupatorium stigmatosum, Eupatorium stigmatosum stigmatosum, Osmia atriplicifolia, Osmia clematitis, Osmia conyzoides, Osmia divergens, Osmia floribunda, Osmia graciliflora, Osmia odorata",Fire-promoting invasive shrub; transforms forest understorey; W Ghats,Chromolaena,no,,Invasive <U+2014> Western Ghats/NE India,Control in protected areas,PA management plans
2928590,India,,NATIONAL,,Ipomoea carnea,Magnoliopsida,species,Convolvulaceae,"Gloria De La Manana, Morning-glory, gloria de la manana",Ipomoea gossypioides,Toxic shrub; invades wetlands and wastelands; cattle poisoning,Ipomoea,no,,Invasive <U+2014> wetland degrader,Control mandated in some states,State wetland rules
5274863,India,,NATIONAL,,Salvinia molesta,Magnoliopsida,species,Salviniaceae,"African payal, Giant salvinia, Kariba weed, Water fern, African payal, African pyle, Aquarium watermoss, Giant water fern, Velvet weed, Kariba weed, Salvinia moss, aquarium watermoss, giant salvinia, kariba weed, kariba-weed, water fern, Giant Salvinia",Salvinia adnata,Giant floating fern; smothers Kerala backwaters; biological control deployed,Salvinia,no,,Invasive <U+2014> aquatic weed,Control mandated,EP Act 1986 / State rules
2882443,India,,NATIONAL,,Cabomba caroliniana,Magnoliopsida,species,Cabombaceae,"Carolina Water Shield, Carolina Water-shield, Carolina fanwort, Carolina water-shield, Fanwort, Washington-grass, Washington-plant, fanwort, fish-grass","Cabomba aquatica, Cabomba australis, Cabomba caroliniana caroliniana, Cabomba caroliniana pulcherrima, Cabomba caroliniana paucipartita, Nectris caroliniana",Aquatic weed spreading from aquarium trade; Kerala/Tamil Nadu waterways,Cabomba,no,,Invasive <U+2014> aquarium trade escape,Import restricted,Quarantine rules / EXIM Policy
5358457,India,,NATIONAL,,Prosopis glandulosa,Magnoliopsida,species,Fabaceae,honey mesquite,"Algarobia glandulosa, Dasiogyna glandulosa, Neltuma glandulosa, Prosopis chilensis glandulosa, Prosopis juliflora glandulosa",Dryland invasive hybridising with P. juliflora; Northern India spread,Prosopis,no,,Invasive <U+2014> arid zone,State control programmes,EP Act 1986 / State rules
7808904,India,,NATIONAL,,Mimosa diplotricha,Magnoliopsida,species,Fabaceae,"Giant sensitive plant, giant false sensitive plant, giant sensitive-plant",NA,Thorny scrambler; invades tea gardens and roadsides in NE India,Mimosa,no,,Invasive <U+2014> NE India plantation threat,Control in tea/rubber estates,State Agricultural Acts
5401673,India,,NATIONAL,,Ageratum conyzoides,Magnoliopsida,species,Asteraceae,"Ageratum, Billy goat weed, Blue ageratum, Blue flowered groundsel, Blue top, Goat weed, Mother brinkly, Tropic ateratum, Tropical whiteweed, White weed, Winter weed, Billygoat-weed, Chick weed, Goatweed, Whiteweed, Tropical whiteweed, White Cap, billygoat-plant, billygoat-weed, bluebonnet, bluetop, goatweed","Ageratum album, Ageratum arsenei, Ageratum brachystephanum, Ageratum caeruleum, Ageratum ciliare, Ageratum coeruleum, Ageratum conyzoides album, Ageratum conyzoides conyzoides, Ageratum conyzoides obtusifolia, Ageratum conyzoides hirtum, Ageratum conyzoides inaequipaleaceum, Ageratum conyzoides pilosum, Ageratum conyzoides obtusifolium, Ageratum cordifolium, Ageratum hirsutum, Ageratum hirtum, Ageratum humile, Ageratum koulianum, Ageratum latifolium, Ageratum latifolium galapageium, Ageratum latifolium latifolium, Ageratum muticum, Ageratum nanum, Ageratum obtusifolium, Ageratum odoratum, Ageratum sandwicense, Ageratum suffruticosum, Alomia coelestina, Alomia microcarpa torresiae, Alomia microcarpa torresii, Cacalia mentrasto, Caelestina latifolia, Caelestina suffruticosa, Carelia brachystephana, Carelia conyzoides, Carelia mutica, Coelestina suffruticosa, Eupatorium conyzoides, Eupatorium conyzoides conyzoides, Eupatorium paleaceum, Phalacraea coelestina, Piqueria coelestina, Sparganophorus obtusifolius",Pantropical weed; major rice and tea field invader; allelopathic,Ageratum,no,,Invasive <U+2014> crop fields,Weed management mandated,State Agricultural Acts
