GBIFusageKey,country,region,jurisdiction,jurisdiction_group,prefName,classification,taxonLevel,family,englishName,synonyms,Note,genus_I,is_aquatic,aquatic_type_I,legal_status_ke,restriction_type,governing_law
2765940,Kenya,,NATIONAL,,Pontederia crassipes,Prohibited,species,Pontederiaceae,"Common water hyacinth, Kachuripana, Water hyacinth, common water hyacinth, common water-hyacinth, floating water hyacinth, floating waterhyacinth, lilac-devil, water hyacinth, water-hyacinth, Water-hyacinth",NA,Introduced 1989. Covers large areas of Lake Victoria. Biocontrol (weevils) deployed.,Pontederia,yes,freshwater,Introduction prohibited; eradication programmes active,Prohibited introduction; active control,EMCA 1999 s.55; FMDA 2016
5274863,Kenya,,NATIONAL,,Salvinia molesta,Prohibited,species,Salviniaceae,"African payal, Giant salvinia, Kariba weed, Water fern, African payal, African pyle, Aquarium watermoss, Giant water fern, Velvet weed, Kariba weed, Salvinia moss, aquarium watermoss, giant salvinia, kariba weed, kariba-weed, water fern, Giant Salvinia",Salvinia adnata,Covers water surfaces; disrupts fisheries and water supply.,Salvinia,yes,freshwater,Introduction prohibited,Prohibited introduction,EMCA 1999 s.55
5358460,Kenya,,NATIONAL,,Prosopis juliflora,Restricted,species,Fabaceae,"Mesquite, Prosopis, Mesquite, Algaroba bean, Mexican thorn, Ironwood, algarroba-bean, ironwood, mesquite","Acacia juliflora, Algarobia juliflora, Entada juliflora, Mimosa furcata, Mimosa juliflora, Neltuma juliflora, Neltuma occidenatlis, Prosopis vidaliana",Introduced 1983 for arid/semi-arid revegetation. Now invasive in ASALs. Declared invasive by Kenya government.,Prosopis,no,NA,Introduction restricted; eradication in sensitive areas,Restricted,EMCA 1999; Plant Protection Act Cap.324
2925303,Kenya,,NATIONAL,,Lantana camara,Restricted,species,Verbenaceae,"Black Sage, Lantana, Largeleaf Lantana, Sage, Scrubby Cup, Scrubby Tree, Statia Sage, Wild Lantana, Yellow Sage, common lantana, kamara lantana, largeleaf lantana, wild sage, Common Lantana, Wild Sage, shrub verbena, wild sage bush","Camara vulgaris, Lantana camara camara, Lantana camara parvifolia, Lantana coccinea, Lantana glandulodissima, Lantana mexicana, Lantana spinosa, Lantana urticifolia urticifolia",Widespread invasive in mid-altitude zones. Displaces native vegetation; creates tsetse habitat.,Lantana,no,NA,Introduction restricted; declared invasive,Restricted,EMCA 1999; Plant Protection Act Cap.324
5384075,Kenya,,NATIONAL,,Opuntia stricta,Restricted,species,Cactaceae,"Araluen pear, Common pest pear, Prickly pear, Erect Pricklypear, Erect Pricklypear, Erect prickly pear, Prickle, Sour Prickle, erect prickly-pear","Cactus opuntia inermis, Cactus strictus, Consolea bahamana, Opuntia airampo, Opuntia bahamana, Opuntia balearica, Opuntia bartramii, Opuntia bentonii, Opuntia dillenii reitzii, Opuntia inermis, Opuntia keyensis, Opuntia longiclada, Opuntia macracantha, Opuntia macrantha, Opuntia magnifica, Opuntia parva, Opuntia stricta esparzae, Opuntia stricta reitzii, Opuntia stricta stricta, Opuntia tenuiflora, Opuntia vulgaris balaerica, Opuntia vulgaris balearica, Pilocereus flavispinus, Pilocereus nobilis, Opulea bahamana",Major invasive in dry savannas. Threatens Grevy's zebra habitat.,Opuntia,no,NA,Introduction restricted; eradication at Laikipia and Samburu,Restricted,EMCA 1999; Plant Protection Act Cap.324
2929892,Kenya,,NATIONAL,,Solanum elaeagnifolium,Prohibited,species,Solanaceae,"Bull-nettle, Silverleaf nightshade, White Nightshade, bull-nettle, prairie-berry, silverleaf bitter-apple, silverleaf nightshade, silverleaf-nettle, tomato weed, tomato-weed, white horse-nettle, white horsenettle, white nightshade","Solanum dealbatum, Solanum elaeagnifolium albiflorum, Solanum elaeagnifolium benkei, Solanum elaeagnifolium angustifolium, Solanum elaeagnifolium argyrocroton, Solanum elaeagnifolium grandiflorum, Solanum elaeagnifolium leprosum, Solanum elaeagnifolium obtusifolium, Solanum flavidum, Solanum incanum, Solanum leprosum, Solanum lunatum, Solanum obtusifolium, Solanum pyriforme uniflorum, Solanum roemerianum, Solanum saponaceum, Solanum texense, Solanum uniflorum",Crop pest and invasive plant. On Kenya phytosanitary prohibited import list.,Solanum,no,NA,Introduction prohibited,Prohibited introduction,Plant Protection Act Cap.324
7473922,Kenya,,NATIONAL,,Osyris lanceolata,Prohibited,species,Santalaceae,East African sandalwood,"Osyris arborea, Osyris arborea puberula, Osyris arborea rotundifolia, Osyris arborea stipitata, Osyris nepalensis, Osyris wightiana, Osyris wightiana puberula, Osyris wightiana rotundifolia, Osyris wightiana stipitata",Heavily trafficked for illegal sandalwood trade. Kenya has imposed export bans. Also listed in Kenya Forest Service protected trees gazette.,Osyris,no,NA,Protected; export banned; KFS permit required for possession,Prohibited export; possession regulated,FCMA 2016; EMCA 1999
3022853,Kenya,,NATIONAL,,Prunus africana,Protected / Regulated,species,Rosaceae,"African Almond, African cherry, Red Stinkwood, pygeum, African Cherry","Laurocerasus africana, Laurocerasus crassifolia, Prunus crassifolia, Pygeum africanum, Pygeum crassifolium",Bark used in pharmaceutical products (prostate medicine). Major export commodity. Over-exploitation led to CITES listing.,Prunus,no,NA,Trade regulated; bark extraction requires permit,Regulated harvest; trade regulated by CITES,FCMA 2016; CITES
2770879,Kenya,,NATIONAL,,Aloe,Protected / Regulated,genus,Asphodelaceae,"Aloes, aloe, aloes","Agriodendron, Aloe qaharensis, Aloinella, Aloe, Atevala, Busipho, Chamaealoe, Chortolirion, Guillauminia, Lemeea, Leptaloe, Lomatophyllum, Pachidendron, Phylloma, Rhipidodendrum, Aamaealoe, Alamaealoe, Alchamaloe, Aleptoe, Allauminia, Allemeea, Alleptauminia, Aloella, Aloptaloe, Bleckara, Chamaeleptaloe, Leminia, Leptaloinella, Leptauminia, Lomataloe",Many Kenyan endemic Aloe spp. Face over-collection for ornamental and medicinal trade.,Aloe,no,NA,Trade regulated; some species fully protected,Trade regulated by CITES permit,WCMA 2013; CITES
6365236,Kenya,,NATIONAL,,Streptocarpus ionanthus,Prohibited,species,Gesneriaceae,"African-violet, Usambara-violet",NA,Wild African violet species endemic to East Usambara and Taita Hills forests. Severely threatened by habitat loss and collection.,Streptocarpus,no,NA,Collection from wild prohibited; trade in wild-collected specimens banned,Prohibited wild collection; trade regulated,WCMA 2013; CITES
3819564,Kenya,,NATIONAL,,Streptocarpus teitensis,Protected / Regulated,species,Gesneriaceae,Taita Hills violet,NA,Endemic to Taita Hills. One of several critically threatened Saintpaulia species.,Streptocarpus,no,NA,Fully protected,Fully protected,WCMA 2013; CITES
2683713,Kenya,,NATIONAL,,Encephalartos hildebrandtii,Protected / Regulated,species,Zamiaceae,Mombasa Cycad,"Encephalartos hildebrandtii dentatus, Encephalartos hildebrandtii hildebrandtii, Encephalartos villosus hildebrandtii, Encephalartos villosus nobilis",Kenyan coastal cycad. All Encephalartos species on Appendix I.,Encephalartos,no,NA,Collection and trade prohibited,Fully protected,WCMA 2013; CITES
9606396,Kenya,,NATIONAL,,Ornithogalum,Protected / Regulated,genus,Asparagaceae,"Star Of Bethlehem, Star-of-bethlehems, star of Bethlehem, star-of-Bethlehem, star-of-Bethlehems","Albucea, Aspasia, Avonsera, Beryllis, Brizophile, Caruelia, Cathissa, Celsia, Eliokarmos, Eliokarnos, Elsiea, Eustachys, Fenelonia, Galtonia, Honorius, Ifuon, Lomaresis, Loncomelos, Loncoxis, Melomphis, Myanthe, Myogalum, Neopatersonia, Nicipe, Parthenostachys, Phaeocles, Raphelingia, Raxamaris, Tomoxis, Tritriela, Uropetalon, Virdika, Zahariadia, Honogalum",Bulb trade from Kenya regulated under CITES Appendix II.,Ornithogalum,no,NA,Trade regulated,Trade regulated by CITES permit,CITES; SPVA Cap.326
7792960,Kenya,,NATIONAL,,Allium vineale,Prohibited,species,Amaryllidaceae,"Crow Garlic, Crow garlic, False Garlic, Field Garlic, Stag Garlic, Wild Garlic, Wild Onion, crow garlic, false garlic, field garlic, stag garlic, wild garlic, wild onion","Allium affine, Allium arenarium, Allium arvense, Allium assimile, Allium campestre, Allium canadense, Allium compactum, Allium descendens, Allium guttatum compactum, Allium kochii, Allium laxiflorum, Allium littoreum, Allium margaritaceum bulbiferum, Allium margaritaceum compactum, Allium monspessulanum, Allium nitens, Allium purshii, Allium rilaense, Allium rotundum, Allium sphaerocephalon compactum, Allium sphaerocephalum, Allium subvineale, Allium vineale compactum, Allium vineale affine, Allium vineale asperiflorum, Allium vineale capsuliferum, Allium vineale kochii, Allium vineale purpureum, Allium vineale vineale, Allium vineale biceps, Allium vineale bulbiferum, Allium vineale descendens, Allium vineale laxiflorum, Allium vineale monspessulanum, Allium vineale multiflorum, Allium vineale multiplicatum, Allium vineale nitens, Allium vineale pratense, Allium vineale purshii, Allium vineale sylvaticum, Allium vineale typicum, Allium vineale virens, Getuonis vinealis, Porrum capitatum, Porrum vineale",Invasive weed that contaminates wheat and taints dairy products.,Allium,no,NA,Prohibited introduction; invasive weed,Prohibited introduction; invasive alien species,Plant Protection Act Cap.324
3088481,Kenya,,NATIONAL,,Tagetes minuta,Prohibited,species,Asteraceae,"Aztec marigold, Mexican marigold, Muster John Henry, Muster john henry, Southern Marigold, Southern marigold, Muster-John-Henry, Marigold, dwarf marigold, khakibush, little marigold, minute marigold, muster John Henry, southern marigold, stinking-Roger, wild marigold, Stinking Roger","Tagetes bonariensis, Tagetes glandulifera, Tagetes glandulosa, Tagetes montana, Tagetes porophyllum, Tagetes tinctoria",Invasive annual weed widespread in highland Kenya; allelopathic effects suppress native plants.,Tagetes,no,NA,Prohibited introduction; invasive weed,Prohibited introduction; invasive alien species,EMCA 1999; Plant Protection Act Cap.324
2928509,Kenya,,NATIONAL,,Ipomoea,Prohibited,genus,Convolvulaceae,"Morning-glory, Morningglory, morning glory, morning-glories, morning-glory, morningglory, Morning-glories","Acmostemon, Adamboe, Amphione, Apopleumon, Batatas, Bombycospermum, Bonanox, Calboa, Calonyction, Calycanthemum, Calycantherum, Cleiemera, Cleiostoma, Clitocyamos, Coiladena, Convolvuloides, Decaloba, Diatrema, Diatremis, Dimerodiscus, Dimerodisus, Doxema, Elythrostamna, Euryloma, Exallosis, Exocroa, Exogonium, Fraxima, Gynoisa, Isypus, Kolofonia, Lariospermum, Latrienda, Legendrea, Leptocallis, Macrostemma, Marcellia, Melascus, Milhania, Mina, Modesta, Morenoa, Navipomoea, Neorthosis, Nil, Ornithosperma, Parasitipomaea, Parasitipomoea, Pentacrostigma, Pharbitis, Plesiagopus, Quamoclit, Quamoclita, Quamoclitia, Saccia, Stomadena, Tereietra, Tirtalia, Tremasperma, Turbina",Several Ipomoea species invasive in croplands and rangelands; smothers native vegetation.,Ipomoea,no,NA,Prohibited introduction; invasive weed,Prohibited introduction; invasive alien species,EMCA 1999; Plant Protection Act Cap.324
7493935,Kenya,,NATIONAL,,Eucalyptus,Protected / Regulated,genus,Myrtaceae,"Gum, Gums, gum, gums","Aromadendron, Aromadendrum, Eucalypton, Eudesmia, Symphyomyrtus",Widely cultivated but ecologically invasive in riparian zones; high water consumption and allelopathy. NEMA restriction on planting near wetlands.,Eucalyptus,no,NA,Regulated; invasive in riparian zones,Regulated introduction; invasive alien species,EMCA 1999
6288592,Kenya,,NATIONAL,,Vangueriopsis shimbaensis,Protected / Regulated,species,Rubiaceae,Shimba Hills vangueria,NA,Kenya endemic; only 7 mature individuals known at one locality in Shimba Hills.,Vangueriopsis,no,NA,Protected under FCMA 2016; Critically Endangered,Fully protected; regulated harvest,FCMA 2016; EMCA 1999
3066425,Kenya,,NATIONAL,,Euphorbia tanaensis,Protected / Regulated,species,Euphorbiaceae,Tana River euphorbia,NA,Kenya endemic; restricted to Tana River area.,Euphorbia,no,NA,Protected under FCMA 2016; Critically Endangered,Fully protected; regulated harvest,FCMA 2016; EMCA 1999
3063946,Kenya,,NATIONAL,,Euphorbia cussonioides,Protected / Regulated,species,Euphorbiaceae,Euphorbia cussonioides,NA,Among East Africa's rarest trees.,Euphorbia,no,NA,Protected under FCMA 2016; Critically Endangered,Fully protected; regulated harvest,FCMA 2016; EMCA 1999
3699610,Kenya,,NATIONAL,,Combretum tenuipetiolatum,Protected / Regulated,species,Combretaceae,Combretum tenuipetiolatum,NA,Coastal forest species; extremely restricted range.,Combretum,no,NA,Protected under FCMA 2016; Critically Endangered,Fully protected; regulated harvest,FCMA 2016; EMCA 1999
5547585,Kenya,,NATIONAL,,Cola porphyrantha,Protected / Regulated,species,Malvaceae,Cola porphyrantha,NA,Coastal forest species; severely threatened by habitat loss.,Cola,no,NA,Protected under FCMA 2016; Critically Endangered,Fully protected; regulated harvest,FCMA 2016; EMCA 1999
3896540,Kenya,,NATIONAL,,Karomia gigas,Protected / Regulated,species,Lamiaceae,Karomia gigas,Holmskioldia gigas,Also found in Tanzania; fewer than 50 mature individuals remain.,Karomia,no,NA,Protected under FCMA 2016; Critically Endangered,Fully protected; regulated harvest,FCMA 2016; EMCA 1999
3662348,Kenya,,NATIONAL,,Sorindeia calantha,Protected / Regulated,species,Anacardiaceae,Sorindeia calantha,NA,Extremely rare coastal forest tree.,Sorindeia,no,NA,Protected under FCMA 2016; Critically Endangered,Fully protected; regulated harvest,FCMA 2016; EMCA 1999
3849915,Kenya,,NATIONAL,,Turraea elephantina,Protected / Regulated,species,Meliaceae,Turraea elephantina,NA,Kenya endemic; Meliaceae family.,Turraea,no,NA,Protected under FCMA 2016; Critically Endangered,Fully protected; regulated harvest,FCMA 2016; EMCA 1999
3867919,Kenya,,NATIONAL,,Memecylon buxoides,Protected / Regulated,species,Melastomataceae,Memecylon buxoides,NA,Coastal forest tree with very restricted range.,Memecylon,no,NA,Protected under FCMA 2016; Critically Endangered,Fully protected; regulated harvest,FCMA 2016; EMCA 1999
2905392,Kenya,,NATIONAL,,Ixora scheffleri,Protected / Regulated,subspecies,Rubiaceae,Ixora scheffleri subsp. keniensis,NA,Kenya endemic subspecies.,Ixora,no,NA,Protected under FCMA 2016; Critically Endangered,Fully protected; regulated harvest,FCMA 2016; EMCA 1999
2925262,Kenya,,NATIONAL,,Pavetta tarennoides,Protected / Regulated,species,Rubiaceae,Pavetta tarennoides,NA,Among East Africa's rarest tree species.,Pavetta,no,NA,Protected under FCMA 2016; Critically Endangered,Fully protected; regulated harvest,FCMA 2016; EMCA 1999
3081127,Kenya,,NATIONAL,,Meineckia ovata,Protected / Regulated,species,Phyllanthaceae,Meineckia ovata,"Meineckia ovata, Zimmermannia ovata",Among East Africa's rarest trees; Phyllanthaceae.,Meineckia,no,NA,Protected under FCMA 2016; Critically Endangered,Fully protected; regulated harvest,FCMA 2016; EMCA 1999
3904972,Kenya,,NATIONAL,,Vitex fischeri,Protected / Regulated,species,Lamiaceae,Meru Oak,NA,Kenya endemic; over-exploited for premium timber. Protected under Forest Act.,Vitex,no,NA,Protected under FCMA 2016; Endangered,Fully protected; regulated harvest,FCMA 2016; EMCA 1999
5547618,Kenya,,NATIONAL,,Cola octoloboides,Protected / Regulated,species,Malvaceae,Cola octoloboides,NA,Kenya endemic; functionally extinct at one site with only 1 individual. Dioecious — needs male and female for reproduction.,Cola,no,NA,Protected under FCMA 2016; Endangered,Fully protected; regulated harvest,FCMA 2016; EMCA 1999
3066060,Kenya,,NATIONAL,,Euphorbia wakefieldii,Protected / Regulated,species,Euphorbiaceae,Wakefield's euphorbia,NA,Kenya endemic (Kwale County); held in 14 ex situ collections globally.,Euphorbia,no,NA,Protected under FCMA 2016; Endangered,Fully protected; regulated harvest,FCMA 2016; EMCA 1999
2966840,Kenya,,NATIONAL,,Cynometra lukei,Protected / Regulated,species,Fabaceae,Luke's cynometra,NA,Kenya endemic; coastal forest legume.,Cynometra,no,NA,Protected under FCMA 2016; Endangered,Fully protected; regulated harvest,FCMA 2016; EMCA 1999
3874948,Kenya,,NATIONAL,,Ziziphus robertsoniana,Protected / Regulated,species,Rhamnaceae,Robertson's jujube,NA,Kenya endemic.,Ziziphus,no,NA,Protected under FCMA 2016; Endangered,Fully protected; regulated harvest,FCMA 2016; EMCA 1999
3850068,Kenya,,NATIONAL,,Turraea barbata,Protected / Regulated,species,Meliaceae,Turraea barbata,NA,Kenya endemic; Meliaceae.,Turraea,no,NA,Protected under FCMA 2016; Endangered,Fully protected; regulated harvest,FCMA 2016; EMCA 1999
5576098,Kenya,,NATIONAL,,Anisotes ukambensis,Protected / Regulated,species,Acanthaceae,Anisotes ukambensis,Anisotes ukambanensis,Kenya endemic; Acanthaceae.,Anisotes,no,NA,Protected under FCMA 2016; Endangered,Fully protected; regulated harvest,FCMA 2016; EMCA 1999
2953238,Kenya,,NATIONAL,,Bauhinia mombassae,Protected / Regulated,species,Fabaceae,Mombasa bauhinia,"Bauhinia loeseneriana, Bauhinia loesneriana, Pauletia loeseneriana",Kenya endemic; found at Kaya Rabai sacred forest.,Bauhinia,no,NA,Protected under FCMA 2016; Endangered,Fully protected; regulated harvest,FCMA 2016; EMCA 1999
11104253,Kenya,,NATIONAL,,Warneckea sansibarica,Protected / Regulated,species,Melastomataceae,Warneckea maritima,NA,Kenya endemic; Melastomataceae.,Warneckea,no,NA,Protected under FCMA 2016; Endangered,Fully protected; regulated harvest,FCMA 2016; EMCA 1999
8021703,Kenya,,NATIONAL,,Warneckea melindensis,Protected / Regulated,species,Melastomataceae,Warneckea melindensis,Memecylon melindense,Coastal species; restricted to Malindi area.,Warneckea,no,NA,Protected under FCMA 2016; Endangered,Fully protected; regulated harvest,FCMA 2016; EMCA 1999
2895576,Kenya,,NATIONAL,,Coffea fadenii,Protected / Regulated,species,Rubiaceae,Faden's coffee,NA,Kenya endemic; wild coffee species from Taita Hills. Genetic resource for coffee breeding.,Coffea,no,NA,Protected under FCMA 2016; Endangered,Fully protected; regulated harvest,FCMA 2016; EMCA 1999
2687617,Kenya,,NATIONAL,,Afrocarpus usambarensis,Protected / Regulated,species,Podocarpaceae,East African yellowwood,"Afrocarpus mannii usambarensis, Afrocarpus usambarensis, Nageia mannii usambarensis, Podocarpus usambarensis",Taita Hills priority species; in 12 ex situ collections.,Afrocarpus,no,NA,Protected under FCMA 2016; Endangered,Fully protected; regulated harvest,FCMA 2016; EMCA 1999
5348472,Kenya,,NATIONAL,,Newtonia erlangeri,Protected / Regulated,species,Fabaceae,Newtonia erlangeri,Piptadenia erlangeri,Rare leguminous tree of coastal forests.,Newtonia,no,NA,Protected under FCMA 2016; Endangered,Fully protected; regulated harvest,FCMA 2016; EMCA 1999
2977460,Kenya,,NATIONAL,,Gigasiphon macrosiphon,Protected / Regulated,species,Fabaceae,Gigasiphon macrosiphon,"Bauhinia macrosiphon, Gigasiphon humblotianum",Very rare coastal forest tree with spectacular flowers.,Gigasiphon,no,NA,Protected under FCMA 2016; Endangered,Fully protected; regulated harvest,FCMA 2016; EMCA 1999
3158252,Kenya,,NATIONAL,,Isolona cauliflora,Protected / Regulated,species,Annonaceae,Isolona cauliflora,NA,Annonaceae; coastal forest species.,Isolona,no,NA,Protected under FCMA 2016; Endangered,Fully protected; regulated harvest,FCMA 2016; EMCA 1999
4070825,Kenya,,NATIONAL,,Diospyros shimbaensis,Protected / Regulated,species,Ebenaceae,Shimba Hills ebony,NA,Ebony species restricted to Shimba Hills.,Diospyros,no,NA,Protected under FCMA 2016; Endangered,Fully protected; regulated harvest,FCMA 2016; EMCA 1999
3156633,Kenya,,NATIONAL,,Toussaintia orientalis,Protected / Regulated,species,Annonaceae,Toussaintia orientalis,NA,Rare Annonaceae of East African coastal forests.,Toussaintia,no,NA,Protected under FCMA 2016; Endangered,Fully protected; regulated harvest,FCMA 2016; EMCA 1999
5792509,Kenya,,NATIONAL,,Uvariodendron gorgonis,Protected / Regulated,species,Annonaceae,Uvariodendron gorgonis,NA,Rare Annonaceae tree.,Uvariodendron,no,NA,Protected under FCMA 2016; Endangered,Fully protected; regulated harvest,FCMA 2016; EMCA 1999
3661906,Kenya,,NATIONAL,,Sclerocarya gillettii,Protected / Regulated,species,Anacardiaceae,Sclerocarya gillettii,NA,Anacardiaceae; related to marula.,Sclerocarya,no,NA,Protected under FCMA 2016; Endangered,Fully protected; regulated harvest,FCMA 2016; EMCA 1999
3790694,Kenya,,NATIONAL,,Gymnosporia keniensis,Protected / Regulated,species,Celastraceae,Gymnosporia keniensis,"Gymnosporia serrata keniensis, Maytenus keniensis",Kenya endemic; Celastraceae.,Gymnosporia,no,NA,Protected under FCMA 2016; Endangered,Fully protected; regulated harvest,FCMA 2016; EMCA 1999
5417563,Kenya,,NATIONAL,,Eugenia tanaensis,Protected / Regulated,species,Myrtaceae,Tana River eugenia,NA,Restricted to Tana River forests.,Eugenia,no,NA,Protected under FCMA 2016; Endangered,Fully protected; regulated harvest,FCMA 2016; EMCA 1999
3059788,Kenya,,NATIONAL,,Croton alienus,Protected / Regulated,species,Euphorbiaceae,Croton alienus,Mildbraedia balboana,Euphorbiaceae.,Croton,no,NA,Protected under FCMA 2016; Endangered,Fully protected; regulated harvest,FCMA 2016; EMCA 1999
5555202,Kenya,,NATIONAL,,Brucea macrocarpa,Protected / Regulated,species,Simaroubaceae,Brucea macrocarpa,NA,Simaroubaceae; rare in East Africa.,Brucea,no,NA,Protected under FCMA 2016; Endangered,Fully protected; regulated harvest,FCMA 2016; EMCA 1999
7797879,Kenya,,NATIONAL,,Dalbergia gloveri,Protected / Regulated,species,Fabaceae,Glover's rosewood,NA,All Dalbergia spp. listed CITES Appendix II since CoP17 (2016).,Dalbergia,no,NA,Protected under FCMA 2016; CITES Appendix II (all Dalbergia),Fully protected; CITES-regulated trade,FCMA 2016; CITES
3834498,Kenya,,NATIONAL,,Vepris glandulosa,Protected / Regulated,species,Rutaceae,Vepris glandulosa,Tecleopsis glandulosa,Rutaceae; coastal forest species.,Vepris,no,NA,Protected under FCMA 2016; Endangered,Fully protected; regulated harvest,FCMA 2016; EMCA 1999
3035932,Kenya,,NATIONAL,,Polyscias stuhlmannii,Protected / Regulated,species,Araliaceae,Polyscias stuhlmannii,"Gastonia stuhlmannii, Polyscias stuhlmannii, Polyscias stuhlmannii inarticulata, Polyscias stuhlmannii stuhlmannii",Araliaceae.,Polyscias,no,NA,Protected under FCMA 2016; Endangered,Fully protected; regulated harvest,FCMA 2016; EMCA 1999
2683779,Kenya,,NATIONAL,,Encephalartos kisambo,Prohibited,species,Zamiaceae,"Voi Cycad, Voi cycad","Encephalartos kanga, Encephalartos voiensis",Kenya endemic cycad; CITES Appendix I. Fewer than 100 mature individuals in the wild.,Encephalartos,no,NA,Fully protected; CITES Appendix I (all Encephalartos),Prohibited commercial trade; fully protected,WCMA 2013; CITES; FCMA 2016
2901546,Kenya,,NATIONAL,,Oxyanthus pyriformis,Protected / Regulated,subspecies,Rubiaceae,Oxyanthus pyriformis subsp. longitubus,NA,Rubiaceae.,Oxyanthus,no,NA,Protected under FCMA 2016; Endangered,Fully protected; regulated harvest,FCMA 2016; EMCA 1999
3768874,Kenya,,NATIONAL,,Grevea eggelingii,Protected / Regulated,variety,Montiniaceae,Grevea eggelingii var. keniensis,Grevea madagascariensis keniensis,Kenya endemic variety.,Grevea,no,NA,Protected under FCMA 2016; Endangered,Fully protected; regulated harvest,FCMA 2016; EMCA 1999
2944936,Kenya,,NATIONAL,,Craibia brevicaudata,Protected / Regulated,species,Fabaceae,Craibia brevicaudata subsp. burttii,"Craibia burttii, Dalbergia brevicaudata, Lonchocarpus brevicaudatus",Coastal forest legume.,Craibia,no,NA,Protected under FCMA 2016; Endangered,Fully protected; regulated harvest,FCMA 2016; EMCA 1999
3897062,Kenya,,NATIONAL,,Premna maxima,Protected / Regulated,species,Lamiaceae,Premna maxima,NA,Lamiaceae.,Premna,no,NA,Protected under FCMA 2016; Endangered,Fully protected; regulated harvest,FCMA 2016; EMCA 1999
3155988,Kenya,,NATIONAL,,Monanthotaxis faulknerae,Protected / Regulated,species,Annonaceae,Monanthotaxis faulknerae,NA,Annonaceae.,Monanthotaxis,no,NA,Protected under FCMA 2016; Endangered,Fully protected; regulated harvest,FCMA 2016; EMCA 1999
3852095,Kenya,,NATIONAL,,Khaya anthotheca,Protected / Regulated,species,Meliaceae,"East African Mahogany, Nyasaland mahogany, White Mahogany, white-mahogany","Azedarach elegans, Garretia anthoteca, Khaya wildemanii, Melia elegans",All Khaya spp. listed CITES Appendix II since CoP19 (2022). Over 20% population decline.,Khaya,no,NA,Protected under FCMA 2016; CITES Appendix II (all Khaya),Regulated harvest; CITES-regulated trade,FCMA 2016; CITES
2966842,Kenya,,NATIONAL,,Cynometra webberi,Protected / Regulated,species,Fabaceae,Webb's cynometra,NA,Dominant coastal forest species.,Cynometra,no,NA,Protected under FCMA 2016; Vulnerable,Regulated harvest,FCMA 2016; EMCA 1999
5603222,Kenya,,NATIONAL,,Warburgia stuhlmannii,Protected / Regulated,species,Canellaceae,Warburgia stuhlmannii,NA,Coastal forest species; medicinal use.,Warburgia,no,NA,Protected under FCMA 2016; Vulnerable,Regulated harvest,FCMA 2016; EMCA 1999
5348471,Kenya,,NATIONAL,,Newtonia paucijuga,Protected / Regulated,species,Fabaceae,Newtonia paucijuga,"Cylicodiscus battiscombei, Cylicodiscus paucijugus, Piptadenia paucijuga",Coastal forest legume.,Newtonia,no,NA,Protected under FCMA 2016; Vulnerable,Regulated harvest,FCMA 2016; EMCA 1999
5355656,Kenya,,NATIONAL,,Prioria msoo,Protected / Regulated,species,Fabaceae,Msoo,NA,Important coastal forest timber tree.,Prioria,no,NA,Protected under FCMA 2016; Vulnerable,Regulated harvest,FCMA 2016; EMCA 1999
5564620,Kenya,,NATIONAL,,Brochoneura usambarensis,Protected / Regulated,species,Myristicaceae,Cephalosphaera usambarensis,NA,Myristicaceae.,Brochoneura,no,NA,Protected under FCMA 2016; Vulnerable,Regulated harvest,FCMA 2016; EMCA 1999
2883730,Kenya,,NATIONAL,,Mimusops riparia,Protected / Regulated,species,Sapotaceae,Mimusops riparia,"Mimusops dependens, Mimusops useguhensis",Sapotaceae; coastal forest.,Mimusops,no,NA,Protected under FCMA 2016; Vulnerable,Regulated harvest,FCMA 2016; EMCA 1999
2884716,Kenya,,NATIONAL,,Aningeria pseudoracemosa,Protected / Regulated,species,Sapotaceae,Pouteria pseudoracemosa,NA,Sapotaceae.,Aningeria,no,NA,Protected under FCMA 2016; Vulnerable,Regulated harvest,FCMA 2016; EMCA 1999
5571654,Kenya,,NATIONAL,,Ficus faulkneriana,Protected / Regulated,species,Moraceae,Faulkner's fig,NA,Moraceae.,Ficus,no,NA,Protected under FCMA 2016; Vulnerable,Regulated harvest,FCMA 2016; EMCA 1999
3786858,Kenya,,NATIONAL,,Chytranthus obliquinervis,Protected / Regulated,species,Sapindaceae,Chytranthus obliquinervis,Chytranthus obliquinervis,Sapindaceae.,Chytranthus,no,NA,Protected under FCMA 2016; Vulnerable,Regulated harvest,FCMA 2016; EMCA 1999
2906217,Kenya,,NATIONAL,,Rothmannia macrosiphon,Protected / Regulated,species,Rubiaceae,Rothmannia macrosiphon,Randia macrosiphon,Rubiaceae.,Rothmannia,no,NA,Protected under FCMA 2016; Vulnerable,Regulated harvest,FCMA 2016; EMCA 1999
3616440,Kenya,,NATIONAL,,Pleioceras orientale,Protected / Regulated,species,Apocynaceae,Pleioceras orientale,NA,Apocynaceae.,Pleioceras,no,NA,Protected under FCMA 2016; Vulnerable,Regulated harvest,FCMA 2016; EMCA 1999
2895921,Kenya,,NATIONAL,,Tarenna drummondii,Protected / Regulated,species,Rubiaceae,Tarenna drummondii,NA,Rubiaceae.,Tarenna,no,NA,Protected under FCMA 2016; Vulnerable,Regulated harvest,FCMA 2016; EMCA 1999
10810950,Kenya,,NATIONAL,,Dovyalis keniensis,Protected / Regulated,species,Salicaceae,Kenya dovyalis,NA,Kenya endemic; Salicaceae.,Dovyalis,no,NA,Protected under FCMA 2016; Vulnerable,Regulated harvest,FCMA 2016; EMCA 1999
2886053,Kenya,,NATIONAL,,Synsepalum subverticillatum,Protected / Regulated,species,Sapotaceae,Synsepalum subverticillatum,"Pachystela subverticillata, Pseudoboivinella subverticillata",Kenya endemic; Sapotaceae.,Synsepalum,no,NA,Protected under FCMA 2016; Vulnerable,Regulated harvest,FCMA 2016; EMCA 1999
8177267,Kenya,,NATIONAL,,Vepris robertsoniae,Protected / Regulated,species,Rutaceae,Robertson's vepris,NA,"Kenya endemic; known from 9 locations, AOO 88 km2.",Vepris,no,NA,Protected under FCMA 2016; Vulnerable,Regulated harvest,FCMA 2016; EMCA 1999
3834564,Kenya,,NATIONAL,,Vepris fadenii,Protected / Regulated,species,Rutaceae,Faden's vepris,Diphasiopsis fadenii,Rutaceae.,Vepris,no,NA,Protected under FCMA 2016; Vulnerable,Regulated harvest,FCMA 2016; EMCA 1999
2893042,Kenya,,NATIONAL,,Psydrax polhillii,Protected / Regulated,species,Rubiaceae,Psydrax polhillii,NA,Kenya endemic; Rubiaceae.,Psydrax,no,NA,Protected under FCMA 2016; Vulnerable,Regulated harvest,FCMA 2016; EMCA 1999
5357232,Kenya,,NATIONAL,,Parkinsonia anacantha,Protected / Regulated,species,Fabaceae,Parkinsonia anacantha,NA,Kenya endemic; dry-country legume.,Parkinsonia,no,NA,Protected under FCMA 2016; Vulnerable,Regulated harvest,FCMA 2016; EMCA 1999
3863755,Kenya,,NATIONAL,,Memecylon teitense,Protected / Regulated,species,Melastomataceae,Taita Hills memecylon,NA,Restricted to Taita Hills.,Memecylon,no,NA,Protected under FCMA 2016; Vulnerable,Regulated harvest,FCMA 2016; EMCA 1999
3863444,Kenya,,NATIONAL,,Memecylon verruculosum,Protected / Regulated,species,Melastomataceae,Memecylon verruculosum,NA,Melastomataceae.,Memecylon,no,NA,Protected under FCMA 2016; Vulnerable,Regulated harvest,FCMA 2016; EMCA 1999
5355691,Kenya,,NATIONAL,,Millettia oblata,Protected / Regulated,subspecies,Fabaceae,Taita Hills millettia,NA,Restricted to Taita Hills.,Millettia,no,NA,Protected under FCMA 2016; Vulnerable,Regulated harvest,FCMA 2016; EMCA 1999
7223938,Kenya,,NATIONAL,,Syzygium micklethwaitii,Protected / Regulated,variety,Myrtaceae,Syzygium micklethwaitii,NA,Myrtaceae.,Syzygium,no,NA,Protected under FCMA 2016; Vulnerable,Regulated harvest,FCMA 2016; EMCA 1999
3804010,Kenya,,NATIONAL,,Populus ilicifolia,Protected / Regulated,species,Salicaceae,Tana River Poplar,"Balsamiflua denhardtiorum, Balsamiflua ilicifolia, Celtis ilicifolia, Populus denhardtiorum, Populus euphratica denhardtiorum, Tsavo ilicifolia, Turanga ilicifolia",Kenya endemic; Kenya's only native poplar. Riparian species.,Populus,no,NA,Protected under FCMA 2016; Vulnerable,Regulated harvest,FCMA 2016; EMCA 1999
5547580,Kenya,,NATIONAL,,Sterculia schliebenii,Protected / Regulated,species,Malvaceae,Sterculia schliebenii,NA,Malvaceae.,Sterculia,no,NA,Protected under FCMA 2016; Vulnerable,Regulated harvest,FCMA 2016; EMCA 1999
3158636,Kenya,,NATIONAL,,Mkilua fragrans,Protected / Regulated,species,Annonaceae,Mkilua fragrans,NA,Annonaceae; fragrant flowers.,Mkilua,no,NA,Protected under FCMA 2016; Vulnerable,Regulated harvest,FCMA 2016; EMCA 1999
2964786,Kenya,,NATIONAL,,Guibourtia schliebenii,Protected / Regulated,species,Fabaceae,Guibourtia schliebenii,Copaifera schliebenii,Fabaceae.,Guibourtia,no,NA,Protected under FCMA 2016; Vulnerable,Regulated harvest,FCMA 2016; EMCA 1999
3157990,Kenya,,NATIONAL,,Uvariodendron anisatum,Protected / Regulated,species,Annonaceae,Uvariodendron anisatum,NA,Annonaceae.,Uvariodendron,no,NA,Protected under FCMA 2016; Vulnerable,Regulated harvest,FCMA 2016; EMCA 1999
3158017,Kenya,,NATIONAL,,Uvariodendron kirkii,Protected / Regulated,species,Annonaceae,Uvariodendron kirkii,NA,Annonaceae.,Uvariodendron,no,NA,Protected under FCMA 2016; Vulnerable,Regulated harvest,FCMA 2016; EMCA 1999
8259730,Kenya,,NATIONAL,,Dasylepis integra,Protected / Regulated,species,Achariaceae,Dasylepis integra,Dasylepis leptophylla,Achariaceae.,Dasylepis,no,NA,Protected under FCMA 2016; Vulnerable,Regulated harvest,FCMA 2016; EMCA 1999
3918792,Kenya,,NATIONAL,,Mildbraedia carpinifolia,Protected / Regulated,species,Euphorbiaceae,Mildbraedia carpinifolia,"Jatropha carpinifolia, Neojatropha carpinifolia, Plesiatropha carpinifolia, Plesiatropha carpinifolia carpinifolia",Euphorbiaceae.,Mildbraedia,no,NA,Protected under FCMA 2016; Vulnerable,Regulated harvest,FCMA 2016; EMCA 1999
2981765,Kenya,,NATIONAL,,Julbernardia magnistipulata,Protected / Regulated,species,Fabaceae,Julbernardia magnistipulata,"Berlinia magnistipulata, Isoberlinia magnistipulata",Coastal forest legume; miombo woodland species.,Julbernardia,no,NA,Protected under FCMA 2016; Vulnerable,Regulated harvest,FCMA 2016; EMCA 1999
2970950,Kenya,,NATIONAL,,Dialium holtzii,Protected / Regulated,species,Fabaceae,Dialium holtzii,Dialium mossambicense,Fabaceae.,Dialium,no,NA,Protected under FCMA 2016; Vulnerable,Regulated harvest,FCMA 2016; EMCA 1999
5351066,Kenya,,NATIONAL,,Stuhlmannia moavi,Protected / Regulated,species,Fabaceae,Stuhlmannia moavi,"Caesalpinia dalei, Caesalpinia insolita, Caesalpinia moavii, Hoffmannseggia insolita",Fabaceae.,Stuhlmannia,no,NA,Protected under FCMA 2016; Vulnerable,Regulated harvest,FCMA 2016; EMCA 1999
3074187,Kenya,,NATIONAL,,Macaranga conglomerata,Protected / Regulated,species,Euphorbiaceae,Macaranga conglomerata,NA,Euphorbiaceae.,Macaranga,no,NA,Protected under FCMA 2016; Vulnerable,Regulated harvest,FCMA 2016; EMCA 1999
3157120,Kenya,,NATIONAL,,Xylopia arenaria,Protected / Regulated,species,Annonaceae,Xylopia arenaria,NA,Annonaceae; coastal forest.,Xylopia,no,NA,Protected under FCMA 2016; Vulnerable,Regulated harvest,FCMA 2016; EMCA 1999
3154868,Kenya,,NATIONAL,,Ophrypetalum odoratum,Protected / Regulated,species,Annonaceae,Ophrypetalum odoratum,NA,Annonaceae.,Ophrypetalum,no,NA,Protected under FCMA 2016; Vulnerable,Regulated harvest,FCMA 2016; EMCA 1999
4070544,Kenya,,NATIONAL,,Diospyros greenwayi,Protected / Regulated,species,Ebenaceae,Diospyros greenwayi,NA,Ebenaceae.,Diospyros,no,NA,Protected under FCMA 2016; Vulnerable,Regulated harvest,FCMA 2016; EMCA 1999
4070211,Kenya,,NATIONAL,,Diospyros amaniensis,Protected / Regulated,species,Ebenaceae,Diospyros amaniensis,NA,Ebenaceae.,Diospyros,no,NA,Protected under FCMA 2016; Vulnerable,Regulated harvest,FCMA 2016; EMCA 1999
3987991,Kenya,,NATIONAL,,Buxus obtusifolia,Protected / Regulated,species,Buxaceae,Buxus obtusifolia,Notobuxus obtusifolia,Buxaceae.,Buxus,no,NA,Protected under FCMA 2016; Vulnerable,Regulated harvest,FCMA 2016; EMCA 1999
3752358,Kenya,,NATIONAL,,Moringa arborea,Protected / Regulated,species,Moringaceae,Moringa arborea,NA,Moringaceae; dryland species.,Moringa,no,NA,Protected under FCMA 2016; Vulnerable,Regulated harvest,FCMA 2016; EMCA 1999
2952347,Kenya,,NATIONAL,,Angylocalyx braunii,Protected / Regulated,species,Fabaceae,Angylocalyx braunii,NA,Fabaceae.,Angylocalyx,no,NA,Protected under FCMA 2016; Vulnerable,Regulated harvest,FCMA 2016; EMCA 1999
3788017,Kenya,,NATIONAL,,Camptolepis ramiflora,Protected / Regulated,species,Sapindaceae,Camptolepis ramiflora,"Deinbollia ramiflora, Haplocoelum jubense, Hypseloderma jubense",Sapindaceae.,Camptolepis,no,NA,Protected under FCMA 2016; Vulnerable,Regulated harvest,FCMA 2016; EMCA 1999
5352558,Kenya,,NATIONAL,,Baphia longipedicellata,Protected / Regulated,species,Fabaceae,Baphia keniensis,NA,Kenya endemic; Fabaceae.,Baphia,no,NA,Protected under FCMA 2016; Vulnerable,Regulated harvest,FCMA 2016; EMCA 1999
5335113,Kenya,,NATIONAL,,Gardenia transvenulosa,Protected / Regulated,species,Rubiaceae,Gardenia transvenulosa,NA,Rubiaceae.,Gardenia,no,NA,Protected under FCMA 2016; Vulnerable,Regulated harvest,FCMA 2016; EMCA 1999
3834100,Kenya,,NATIONAL,,Vepris samburuensis,Protected / Regulated,species,Rutaceae,Samburu vepris,NA,Kenya endemic; Rutaceae.,Vepris,no,NA,Protected under FCMA 2016; Vulnerable,Regulated harvest,FCMA 2016; EMCA 1999
3834095,Kenya,,NATIONAL,,Vepris sansibarensis,Protected / Regulated,species,Rutaceae,Vepris sansibarensis,"Toddalia sansibarensis, Toddaliopsis sansibarensis",Rutaceae.,Vepris,no,NA,Protected under FCMA 2016; Vulnerable,Regulated harvest,FCMA 2016; EMCA 1999
5327816,Kenya,,NATIONAL,,Pandanus kajui,Protected / Regulated,species,Pandanaceae,Kaju's pandanus,Pandanus embuensis,Pandanaceae.,Pandanus,no,NA,Protected under FCMA 2016; Vulnerable,Regulated harvest,FCMA 2016; EMCA 1999
4177549,Kenya,,NATIONAL,,Ocotea argylei,Protected / Regulated,species,Lauraceae,Argyle's ocotea,NA,Lauraceae.,Ocotea,no,NA,Protected under FCMA 2016; Vulnerable,Regulated harvest,FCMA 2016; EMCA 1999
2900909,Kenya,,NATIONAL,,Afrocanthium keniense,Protected / Regulated,species,Rubiaceae,Afrocanthium keniense,Canthium keniense,Kenya endemic; Rubiaceae.,Afrocanthium,no,NA,Protected under FCMA 2016; Vulnerable,Regulated harvest,FCMA 2016; EMCA 1999
3075123,Kenya,,NATIONAL,,Aristogeitonia monophylla,Protected / Regulated,species,Picrodendraceae,Aristogeitona monophylla,NA,Peraceae.,Aristogeitonia,no,NA,Protected under FCMA 2016; Vulnerable,Regulated harvest,FCMA 2016; EMCA 1999
2886401,Kenya,,NATIONAL,,Vitellariopsis kirkii,Protected / Regulated,species,Sapotaceae,Vitellariopsis kirkii,"Butyrospermum kirkii, Mimusops bakeri, Mimusops kirkii",Sapotaceae.,Vitellariopsis,no,NA,Protected under FCMA 2016; Vulnerable,Regulated harvest,FCMA 2016; EMCA 1999
5576774,Kenya,,NATIONAL,,Allophylus chirindensis,Protected / Regulated,species,Sapindaceae,Allophylus zimmermannianus,NA,Sapindaceae.,Allophylus,no,NA,Protected under FCMA 2016; Vulnerable,Regulated harvest,FCMA 2016; EMCA 1999
5602736,Kenya,,NATIONAL,,Lasiodiscus pervillei,Protected / Regulated,subspecies,Rhamnaceae,Lasiodiscus mildbraedii subsp. ferrugineus,NA,Rhamnaceae.,Lasiodiscus,no,NA,Protected under FCMA 2016; Vulnerable,Regulated harvest,FCMA 2016; EMCA 1999
5335100,Kenya,,NATIONAL,,Gardenia posoquerioides,Protected / Regulated,species,Rubiaceae,Gardenia posoquerioides,NA,Rubiaceae; in 13 ex situ collections.,Gardenia,no,NA,Protected under FCMA 2016; Vulnerable,Regulated harvest,FCMA 2016; EMCA 1999
7226061,Kenya,,NATIONAL,,Drypetes usambarica,Protected / Regulated,variety,Putranjivaceae,Drypetes usambarica,NA,Putranjivaceae.,Drypetes,no,NA,Protected under FCMA 2016; Vulnerable,Regulated harvest,FCMA 2016; EMCA 1999
3075883,Kenya,,NATIONAL,,Drypetes natalensis,Protected / Regulated,variety,Putranjivaceae,Drypetes natalensis var. leiogyna,NA,Putranjivaceae.,Drypetes,no,NA,Protected under FCMA 2016; Vulnerable,Regulated harvest,FCMA 2016; EMCA 1999
3071633,Kenya,,NATIONAL,,Ricinodendron heudelotii,Protected / Regulated,variety,Euphorbiaceae,Ricinodendron heudelotii var. tomentellum,"Ricinodendron schliebenii, Ricinodendron tomentellum",Euphorbiaceae.,Ricinodendron,no,NA,Protected under FCMA 2016; Vulnerable,Regulated harvest,FCMA 2016; EMCA 1999
5378240,Kenya,,NATIONAL,,Shirakiopsis trilocularis,Protected / Regulated,species,Euphorbiaceae,Sapium triloculare,NA,Euphorbiaceae.,Shirakiopsis,no,NA,Protected under FCMA 2016; Vulnerable,Regulated harvest,FCMA 2016; EMCA 1999
7769134,Kenya,,NATIONAL,,Boscia mazzocchii,Protected / Regulated,species,Capparaceae,Boscia mazzocchii,"Boscia tomentella, Capparis mazzocchii, Maerua mazzocchii",Capparaceae; dryland species.,Boscia,no,NA,Protected under FCMA 2016; Vulnerable,Regulated harvest,FCMA 2016; EMCA 1999
2886116,Kenya,,NATIONAL,,Synsepalum kassneri,Protected / Regulated,species,Sapotaceae,Synsepalum kassneri,"Afrosersalisia kassneri, Pouteria kassneri, Sersalisia kassneri, Tulestea kassneri",Sapotaceae.,Synsepalum,no,NA,Protected under FCMA 2016; Vulnerable,Regulated harvest,FCMA 2016; EMCA 1999
2925201,Kenya,,NATIONAL,,Pavetta teitana,Protected / Regulated,species,Rubiaceae,Taita pavetta,Pavetta kaessneri,Rubiaceae; restricted to Taita Hills.,Pavetta,no,NA,Protected under FCMA 2016; Vulnerable,Regulated harvest,FCMA 2016; EMCA 1999
2893227,Kenya,,NATIONAL,,Psydrax faulknerae,Protected / Regulated,species,Rubiaceae,Psydrax faulknerae,NA,Rubiaceae.,Psydrax,no,NA,Protected under FCMA 2016; Vulnerable,Regulated harvest,FCMA 2016; EMCA 1999
2968897,Kenya,,NATIONAL,,Dalbergia melanoxylon,Protected / Regulated,species,Fabaceae,"African Ebony, African blackwood, African-ebony, Chinese blackwood, Mozambique Ebony, Mozambique-ebony, Senaar-ebony, Senegal-ebony, Sudan-ebony, african-blackwood, poyi, African Blackwood","Amerimnon melanoxylon, Amerimnon stocksii, Dalbergia stocksii","All Dalbergia spp. CITES Appendix II. Premium timber for musical instruments (clarinets, oboes). Severe overexploitation.",Dalbergia,no,NA,CITES Appendix II (all Dalbergia); regulated harvest,Regulated harvest; CITES-regulated trade,FCMA 2016; CITES
