GBIFusageKey,prefName,family,englishName,synonyms,legal_status_lk,restriction_type,governing_law
3778319,Strobilanthes sessilis,Acanthaceae,Nelu,"Pleocaulus sessilioides, Pleocaulus sessilis, Pleocaulus sessilis sessilioides, Pleocaulus sessilis tornensis, Strobilanthes sessilioides",Protected (FFPO Schedule V),Collection prohibited,FFPO Cap. 469 Schedule V
2853722,Crinum zeylanicum,Amaryllidaceae,"Ceylon Swamplily, Ceylon swamplily, milk-and-wine-lily","Amaryllis broussonetii, Amaryllis ornata, Amaryllis zeylanica, Crinum latifolium zeylanicum, Crinum ornatum zeylanicum, Taenais zeylanica",Protected (FFPO Schedule V),Collection prohibited,FFPO Cap. 469 Schedule V
7326947,Nymphaea nouchali,Nymphaeaceae,"Sada shapla, blue lotus, Blue Lotus","Castalia acutiloba, Castalia stellaris, Castalia stellata, Castalia versicolor, Leuconymphaea sansebariensis, Leuconymphaea stellata, Nymphaea acutifolia, Nymphaea acutiloba, Nymphaea ampla, Nymphaea bernierana, Nymphaea caerulea, Nymphaea cahlara, Nymphaea cyanea, Nymphaea henkeliana, Nymphaea hookeriana, Nymphaea malabarica, Nymphaea manipurensis, Nymphaea manipurensis versicolor, Nymphaea membranacea, Nymphaea minima, Nymphaea nouchali cyanea, Nymphaea nouchali versicolor, Nymphaea pandiflora, Nymphaea punctata, Nymphaea rhodantha, Nymphaea richardiana, Nymphaea semisterilis, Nymphaea stellata, Nymphaea stellata albiflora, Nymphaea stellata cyanea, Nymphaea stellata parviflora, Nymphaea stellata versicolor, Nymphaea sumatrana, Nymphaea tetragona acutiloba, Nymphaea versicolor, Nymphaea voalefoka",Protected (FFPO Schedule V),Collection prohibited,FFPO Cap. 469 Schedule V
8377988,Jasminum angustifolium,Oleaceae,Wild jasmine,Nyctanthes angustifolia,Protected (FFPO Schedule V),Collection prohibited,FFPO Cap. 469 Schedule V
3568475,Gyrinops walla,Thymelaeaceae,Agarwood,Aquilaria walla,Protected (FFPO Schedule V / CITES App. II),Collection/trade prohibited,FFPO Cap. 469 / CITES
3032979,Diospyros ebenum,Ebenaceae,"Ebony, ebony, Indian Ebony","Diospyros assimilis, Diospyros glaberrima, Diospyros laurifolia, Diospyros melanoxylon, Diospyros membranacea, Diospyros reticulata timoriana, Diospyros timoriana",Protected timber (Forest Ordinance),Felling regulated,Forest Ordinance No. 16/1907
7330039,Mesua ferrea,Calophyllaceae,"Indian Rose Chestnut, mesua","Calophyllum nagassarium, Mesua coromandelina, Mesua ferrea salicina, Mesua nagana, Mesua nagassarium, Mesua nagassarium sclerophylla, Mesua nagassarium coramandeliana, Mesua nagassarium salicina, Mesua pedunculata, Mesua roxburghii, Mesua salicina, Mesua sclerophylla, Mesua speciosa, Mesua walkeriana",Protected forest species,Felling regulated,Forest Ordinance No. 16/1907
5593556,Chloroxylon swietenia,Rutaceae,"East Indian satinwood, East Indian Satinwood","Chloroxylon chloroxylon, Swietenia chloroxylon",Protected timber (Forest Ordinance),Felling regulated,Forest Ordinance No. 16/1907
2971014,Dialium ovoideum,Fabaceae,Velvet tamarind,NA,Protected timber (Forest Ordinance),Felling regulated,Forest Ordinance No. 16/1907
2940394,Pericopsis mooniana,Fabaceae,"Nandu Wood, Nedun Tree","Dalbergia lanceolaria, Dalbergia mooniana, Derris ponapensis, Ormosia villamilii, Pericopsis ponapensis",Protected timber (Forest Ordinance / CITES),Felling/trade regulated,Forest Ordinance No. 16/1907 / CITES
4097060,Dipterocarpus zeylanicus,Dipterocarpaceae,hora,NA,Protected timber (Forest Ordinance),Felling regulated,Forest Ordinance No. 16/1907
5706004,Berrya cordifolia,Malvaceae,"trincomalee, trincomali","Berria rotundifolia, Berrya ammonilla, Berrya ammonilla rotundifolia, Berrya cordifolia, Espera cordifolia, Hexagonotheca cordata, Hexagonotheca cordifolia, Triopteris polyandra, Triopterys poliandra",Protected timber (Forest Ordinance),Felling regulated,Forest Ordinance No. 16/1907
9531830,Calophyllum inophyllum,Calophyllaceae,"Alexandrian Laurel, Alexandrian laurel, Alexandrian-laurel, Borneo Mahogany, Borneo-mahogany, Indian doomba oiltree, Indian-laurel, Mastwood, balltree, beach calophyllum, beach touriga, beautyleaf, laurelwood, mastwood, satin touriga, tacamahac-tree, Tamanu, Beach Calophyllum, Beautyleaf, kamani","Balsamaria bintagor, Balsamaria inophyllum, Calophyllum apetalum, Calophyllum bingator, Calophyllum bintagor, Calophyllum blumei, Calophyllum inophyllum oblongata, Calophyllum inophyllum obovata, Calophyllum inophyllum takamaka, Calophyllum inophyllum wakamatsui, Calophyllum ovatifolium, Calophyllum spurium, Calophyllum wakamatsui",Protected coastal/forest species,Coastal buffer zone controls,Forest Ordinance / CEA Acts
2925649,Tectona grandis,Lamiaceae,"Bankok teak, Indian Oak, Indian-oak, Segun, Teak, teak","Jatus grandis, Tectona grandis abludens, Tectona grandis canescens, Tectona grandis pilosula, Tectona grandis punctata, Tectona grandis tomentella, Tectona theca, Theka grandis",Protected timber (Forest Ordinance),Felling regulated,Forest Ordinance No. 16/1907
2984565,Artocarpus heterophyllus,Moraceae,"Jackfruit, Kathal, Khatal, jack, jackfruit, jak","Artocarpus brasiliensis, Artocarpus grandis, Artocarpus integra, Artocarpus integrifolia glabra, Artocarpus integrifolius glaber, Artocarpus integrifolius heterophylla, Artocarpus jaca, Artocarpus maximus, Artocarpus nanca, Artocarpus philippensis, Polyphema jaca, Sitodium cauliflorum",Heritage tree designations,Felling restricted (heritage),Forest Ordinance / Local Auth.
5324378,Dendrobium macraei,Orchidaceae,Sri Lanka orchid,"Callista macraei, Ephemerantha macraei, Flickingeria macraei",Protected (FFPO Schedule V / CITES App. II),Collection/trade regulated,FFPO Cap. 469 / CITES
3702080,Nepenthes distillatoria,Nepenthaceae,Ceylon pitcher plant,"Nepenthes chapmanii, Nepenthes distillatoria, Nepenthes distillatoria rubra, Nepenthes distillatoria speciosa, Nepenthes distillatoria vera, Nepenthes hirsuta glabrescens, Nepenthes indica, Nepenthes rubra, Nepenthes smithii, Nepenthes speciosa, Nepenthes zeylanica, Nepenthes zeylanica rubra",Strictly Protected (FFPO / CITES App. II),Collection/trade prohibited,FFPO Cap. 469 / CITES
2846254,Bulbophyllum elegantulum,Orchidaceae,Lanka bulbophyllum,"Bulbophyllum pileolatum, Cirrhopetalum elegantulum, Cirrhopetalum pileolatum",Protected (FFPO / CITES App. II),Collection/trade regulated,FFPO Cap. 469 / CITES
5315188,Rhynchostylis retusa,Orchidaceae,Foxtail orchid,"Aerides guttata, Aerides praemorsa, Aerides retusa, Aerides spicata, Aerides undulata, Epidendrum hippium, Epidendrum indicum, Epidendrum retusum, Gastrochilus blumei, Gastrochilus garwalicus, Gastrochilus retusus, Gastrochilus rheedei, Gastrochilus spicatus, Limodorum retusum, Orchis lanigera, Rhynchostylis albiflora, Rhynchostylis garwalica, Rhynchostylis guttata, Rhynchostylis praemorsa, Rhynchostylis retusa albiflora, Saccolabium blumei, Saccolabium blumei majus, Saccolabium furcatum, Saccolabium garwalicum, Saccolabium guttatum, Saccolabium guttatum giganteum, Saccolabium guttatum holfordii, Saccolabium heathii, Saccolabium macrostachyum, Saccolabium praemorsum, Saccolabium retusum, Saccolabium rheedei, Saccolabium spicatum, Saccolabium violaceum, Sarcanthus guttatus",Protected (CITES App. II),Trade regulated,CITES / FFPO Cap. 469
2783229,Vanda tessellata,Orchidaceae,Grey Orchid,"Aerides tessellata, Cymbidium allagnata, Cymbidium tessellatum, Cymbidium tesselloides, Epidendrum tessellatum, Vanda roxburghii, Vanda roxburghii wrightiana, Vanda tessellata, Vanda tesselloides",Protected (CITES App. II),Trade regulated,CITES / FFPO Cap. 469
2683246,Cycas nathorstii,Cycadaceae,Ceylon cycad,NA,Protected (FFPO / CITES App. II),Collection/trade prohibited,FFPO Cap. 469 / CITES
4096982,Doona cordifolia,Dipterocarpaceae,Red doon,NA,Protected (Red List / FFPO),Collection prohibited,FFPO Cap. 469 / Forest Ordinance
2928690,Argyreia,Convolvulaceae,Sri Lanka rose,"Argyreon, Cryptanthela, Lettsomia, Moorcroftia, Samudra",Protected (Red List 2012),Collection prohibited,FFPO Cap. 469
4097399,Stemonoporus moonii,Dipterocarpaceae,Mal-beraliya,"Vateria moonii, Vatica moonii",Protected (Red List / Forest Ordinance),Felling/collection prohibited,Forest Ordinance No. 16/1907
3184592,Syzygium makul,Myrtaceae,Syzygium makul,"Calyptranthes makul, Eugenia sylvestris, Myrtus makul, Syzygium sylvestre",Protected (Red List 2012),Collection prohibited,FFPO Cap. 469
5680868,Schumacheria castaneifolia,Dilleniaceae,Kekiriwara,"Pleurodesmia grahamii, Schumacheria castaneifolia grahamii, Schumacheria castaneifolia vahlii",Protected (Red List 2012),Collection prohibited,FFPO Cap. 469
3568475,Gyrinops walla,Thymelaeaceae,Wallapatta,Aquilaria walla,Protected (Red List / FFPO / CITES),Collection/trade prohibited,FFPO Cap. 469 / CITES
7534958,Dipterocarpus hispidus,Dipterocarpaceae,Hora-mee,"Dipterocarpus oblongifolius, Dipterocarpus oblongus",Protected (Red List / Forest Ordinance),Felling prohibited,Forest Ordinance No. 16/1907
2765940,Pontederia crassipes,Pontederiaceae,"Common water hyacinth, Kachuripana, Water hyacinth, common water hyacinth, common water-hyacinth, floating water hyacinth, floating waterhyacinth, lilac-devil, water hyacinth, water-hyacinth, Water-hyacinth",NA,Invasive <U+2014> management required,Control mandated,CEA regulations
6378623,Opuntia dillenii,Cactaceae,"Flat hand dildo, Jumbie prickle, Prickly pear, Seaside tuna, Sour prickle, Red Prickle, Sour Prickle","Cactus dillenii, Opuntia dillenii minor, Opuntia dillenii orbiculata, Opuntia maritima, Opuntia melanosperma, Opuntia stricta dillenii, Opuntia zebrina",Invasive species,Control measures active,CEA / Forest Dept regulations
2925303,Lantana camara,Verbenaceae,"Black Sage, Lantana, Largeleaf Lantana, Sage, Scrubby Cup, Scrubby Tree, Statia Sage, Wild Lantana, Yellow Sage, common lantana, kamara lantana, largeleaf lantana, wild sage, Common Lantana, Wild Sage, shrub verbena, wild sage bush","Camara vulgaris, Lantana camara camara, Lantana camara parvifolia, Lantana coccinea, Lantana glandulodissima, Lantana mexicana, Lantana spinosa, Lantana urticifolia urticifolia",Invasive species <U+2014> control required,Eradication programmes,CEA / Forest Dept regulations
5398421,Mikania micrantha,Asteraceae,"American rope, Chinese creeper, Mile-a-minute weed, Chinese creeper, Mile-a-minute, bittervine, climbing hempweed, mikania-vine, mile-a-minute, Mile-a-minute Weed","Eupatorium denticulatum, Eupatorium orinocense, Eupatorium orinocense tamoides, Eupatorium orinocense batatifolium, Eupatorium orinocense orinocense, Mikania batatifolia, Mikania cordata indica, Mikania deltoides, Mikania denticulata, Mikania glechomaefolia, Mikania glechomifolia, Mikania micrantha hirsuta, Mikania micrantha typica, Mikania micrantha micrantha, Mikania micrantha cynanchifolia, Mikania orinocensis, Mikania scandens genuina, Mikania scandens pubescens, Mikania scandens cynanchifolia, Mikania scandens sagittifolia, Mikania scandens subcymosa, Mikania scandens umbellifera, Mikania scandens hirsuta, Mikania scandens villosa, Mikania sinuata, Mikania subcrenata, Mikania subcymosa, Mikania tamoides, Mikania umbellifera, Mikania variabilis, Willoughbya heterophylla, Willoughbya micrantha, Willoughbya scandens orinocensis, Willoughbya variabilis",Invasive species <U+2014> control required,Eradication programmes,CEA regulations
5358460,Prosopis juliflora,Fabaceae,"Mesquite, Prosopis, Mesquite, Algaroba bean, Mexican thorn, Ironwood, algarroba-bean, ironwood, mesquite","Acacia juliflora, Algarobia juliflora, Entada juliflora, Mimosa furcata, Mimosa juliflora, Neltuma juliflora, Neltuma occidenatlis, Prosopis vidaliana",Invasive species <U+2014> control required,Eradication/management,CEA / Forest Dept regulations
3086784,Parthenium hysterophorus,Asteraceae,"Santa Maria, Santa Maria feverfew, Santa Maria, Parthenium weed, Santa maria feverfew, Santa-Maria, Santa-Maria, Santa Maria feverfew, Whitetop weed, Famine weed, Carrot grass, Congress grass, Wild Carrot Weed, Parthenium weed, Ragweed parthenium, Bitter-broom, Bitterweed, False camomile, False ragweed, Ragweed, Barley flower, Bastard feverfew, Broomweed, Mugwort, Whiteheads, Wormwood, Whitehead, Whitetop weed, bitterweed, carrot-grass, false ragweed, feverfew, parthenium-weed, ragweed parthenium, whitetop, whitetop weed, Santa Maria Feverfew, Parthenium weed, parthenium","Argyrochaeta bipinnatifida, Argyrochaeta parviflora, Echetrosis pentasperma, Parthenium hysterophorus hysterophorus, Parthenium lobatum, Parthenium pinnatifidum",Invasive species <U+2014> control required,Control measures active,CEA regulations
5592750,Coscinium fenestratum,Menispermaceae,false calumba,"Cissampelos aurea, Coscinium fenestratum macrophyllum, Coscinium fenestratum ovalifolium, Coscinium maingayi, Coscinium miosepalum, Coscinium peltatum, Coscinium usitatum, Coscinium wallichianum, Coscinium wightianum, Menispermum fenestratum, Pereiria medica",Protected medicinal plant,Collection regulated,FFPO Cap. 469 / Ayurveda Act
3849681,Munronia pinnata,Meliaceae,Bin-kohomba,"Didymocheton littorale, Didymocheton littoralis, Ebermaiera pulchella, Melia neilgherrica, Melia pumila, Munronia delavayi, Munronia hainanensis, Munronia hainanensis microphylla, Munronia hainanensis microphyllina, Munronia henryi, Munronia heterophylla, Munronia heterotricha, Munronia javanica, Munronia neilgherrica, Munronia pinnata, Munronia pumila, Munronia robinsonii, Munronia sinica, Munronia timoriensis, Munronia wallichii, Trichilia humilis, Turraea pinnata",Protected medicinal plant,Collection regulated,FFPO Cap. 469 / Ayurveda Act
8125676,Hemidesmus indicus,Apocynaceae,Iramusu,"Cosmostigma racemosa glandulosa, Hemidesmus indicus, Hemidesmus indicus pubescens, Hemidesmus pubescens, Hemidesmus wallichii, Periploca cordata, Periploca indica, Periploca malabarica",Regulated medicinal plant,Collection regulated,Ayurveda Act / Forest Ordinance
