GBIFusageKey,country,region,jurisdiction,jurisdiction_group,prefName,classification,taxonLevel,family,englishName,synonyms,Note,genus_I,is_aquatic,aquatic_type_I,legal_status_ug,restriction_type,governing_law
7473922,Uganda,,NATIONAL,,Osyris lanceolata,Magnoliopsida,species,Santalaceae,East African sandalwood,"Osyris arborea, Osyris arborea puberula, Osyris arborea rotundifolia, Osyris arborea stipitata, Osyris nepalensis, Osyris wightiana, Osyris wightiana puberula, Osyris wightiana rotundifolia, Osyris wightiana stipitata",Banned due to massive over-exploitation; international trade suspended,Osyris,no,,Prohibited Export (NFA Order 2004),Harvesting/export prohibited,NFA Statutory Order 2004
3763589,Uganda,,NATIONAL,,Milicia excelsa,Magnoliopsida,species,Moraceae,"African Teak, African-teak, counterwood, iroko, mvule, rock-elm, Iroko","Chlorophora alba, Chlorophora excelsa, Chlorophora tenuifolia, Maclura excelsa, Milicia africana, Morus excelsa",Premium furniture timber; over-exploited; forest reserve requirement,Milicia,no,,Protected Species (NFA 2003),Harvesting restricted,National Forestry and Tree Planting Act 2003
3852095,Uganda,,NATIONAL,,Khaya anthotheca,Magnoliopsida,species,Meliaceae,"East African Mahogany, Nyasaland mahogany, White Mahogany, white-mahogany","Azedarach elegans, Garretia anthoteca, Khaya wildemanii, Melia elegans",Major commercial timber; protected in Central Forest Reserves,Khaya,no,,Protected Species (NFA 2003),Harvesting restricted,National Forestry and Tree Planting Act 2003
3850731,Uganda,,NATIONAL,,Entandrophragma utile,Magnoliopsida,species,Meliaceae,utile,"Entandrophragma macrocarpum, Entandrophragma roburoides, Entandrophragma thomasiae, Entandrophragma thomasii, Pseudocedrela utilis",High-value timber; Budongo and Bugoma forest reserves; NFA licence required,Entandrophragma,no,,Protected Species (NFA 2003),Harvesting restricted,National Forestry and Tree Planting Act 2003
3850935,Uganda,,NATIONAL,,Entandrophragma cylindricum,Magnoliopsida,species,Meliaceae,"Sapele, sapele-mahogany","Entandrophragma cedreloides, Entandrophragma cylindricum, Entandrophragma cylindricum ugoensis, Entandrophragma lebrunii, Entandrophragma pseudocylindricum, Entandrophragma rufum, Entandrophragma tomentosum, Pseudocedrela cylindrica",Premium export timber; heavily logged in Budongo Forest; NFA protected,Entandrophragma,no,,Protected Species (NFA 2003),Harvesting restricted,National Forestry and Tree Planting Act 2003
5549722,Uganda,,NATIONAL,,Olea welwitschii,Magnoliopsida,species,Oleaceae,Elgon teak,"Linociera welwitschii, Mayepea welwitschii, Olea capensis welwitschii, Olea mussolinii, Osmanthus welwitschii, Steganthus welwitschii",Highly valued timber from Mt Elgon forests; NFA protected,Olea,no,,Protected Species (NFA 2003),Harvesting restricted,National Forestry and Tree Planting Act 2003
5830157,Uganda,,NATIONAL,,Olea europaea,Magnoliopsida,species,Oleaceae,"African olive, brown olive, wild olive","Linociera lebrunii, Olea africana, Olea asiatica, Olea aucheri, Olea chrysophylla, Olea chrysophylla aucheri, Olea chrysophylla cuspidata, Olea chrysophylla ferruginea, Olea chrysophylla nubica, Olea chrysophylla somaliensis, Olea chrysophylla subnuda, Olea chrysophylla verrucosa, Olea cuspidata, Olea europaea dulcis, Olea europaea africana, Olea europaea cuspidata, Olea europaea ferruginea, Olea europaea nubica, Olea europaea verrucosa, Olea ferruginea, Olea indica, Olea kilimandscharica, Olea monticola, Olea sativa verrucosa, Olea schimperi, Olea similis, Olea somaliensis, Olea subtrinervata, Olea verrucosa, Olea verrucosa brachybotrys",Montane forest canopy tree; heavily exploited for charcoal,Olea,no,,Protected Species (NFA 2003),Harvesting restricted,National Forestry and Tree Planting Act 2003
3039521,Uganda,,NATIONAL,,Maesopsis eminii,Magnoliopsida,species,Rhamnaceae,"Umbrella Tree, musizi, umbrella-tree",Karlea berchemoides,Fast-growing timber tree; NFA plantation species; Bwindi forests,Maesopsis,no,,Protected Species (NFA 2003),Harvesting restricted,National Forestry and Tree Planting Act 2003
5668625,Uganda,,NATIONAL,,Markhamia lutea,Magnoliopsida,species,Bignoniaceae,"Siala, siala","Dolichandrone hildebrandtii, Dolichandrone lutea, Dolichandrone platycalyx, Markhamia hildebrandtii, Markhamia hildebrantii, Markhamia platycalyx, Muenteria lutea, Spathodea lutea",Uganda national tree; important riparian and agroforestry species,Markhamia,no,,Protected Species (NFA 2003),Harvesting regulated,National Forestry and Tree Planting Act 2003
5285951,Uganda,,NATIONAL,,Podocarpus latifolius,Pinopsida,species,Podocarpaceae,"Broad-leaved Yellowwood, East African yellowwood, Real Yellowwood, South African podocarpus, podo, true yellowwood, upright yellowwood, yellowwood, True Yellowwood, Upright Yellowwood","Nageia latifolia, Nageia thunbergii, Podocarpus latifolius, Podocarpus latifolius latior, Podocarpus latifolius confertus, Podocarpus latior, Podocarpus nobilis, Podocarpus pinnata, Podocarpus thunbergii, Taxus latifolia",High altitude forest tree; montane Uganda forests,Podocarpus,no,,Protected Species (NFA 2003),Harvesting restricted,National Forestry and Tree Planting Act 2003
5286074,Uganda,,NATIONAL,,Podocarpus milanjianus,Pinopsida,species,Podocarpaceae,East African yellowwood,"Afrocarpus falcatus milanjianus, Podocarpus milanjiana ulugurensis, Podocarpus milanjianus arborescens, Podocarpus milanjianus ulugurensis, Podocarpus ulugurensis",Montane conifer; Rwenzori and Elgon slopes; slow-growing high-value timber,Podocarpus,no,,Protected Species (NFA 2003),Harvesting restricted,National Forestry and Tree Planting Act 2003
3851302,Uganda,,NATIONAL,,Lovoa trichilioides,Magnoliopsida,species,Meliaceae,"African Walnut, African-walnut, Benin-walnut, Congowood, Nigerian golden-walnut, tigerwood, Tigerwood","Lovoa angulata, Lovoa brachysiphon, Lovoa brownii, Lovoa budongensis, Lovoa corbisieriana, Lovoa klaineana, Lovoa leplaeana, Lovoa mildbraedii, Lovoa pynaertii",Rare cabinet timber; Budongo and Kibale forests; IUCN Vulnerable,Lovoa,no,,Protected Species (NFA 2003),Harvesting restricted,National Forestry and Tree Planting Act 2003
2966811,Uganda,,NATIONAL,,Cynometra alexandri,Magnoliopsida,species,Fabaceae,Uganda ironwood,Cynometra sankuruensis,Dominant canopy tree in Budongo Forest; extremely hard timber; slow regeneration,Cynometra,no,,Protected Species (NFA 2003),Harvesting restricted,National Forestry and Tree Planting Act 2003
5661472,Uganda,,NATIONAL,,Cordia millenii,Magnoliopsida,species,Cordiaceae,"African cordia, West African Cordia, drumtree, Drum Tree","Cordia chrysocarpa, Cordia irvingii, Cordia liebrechtsiana, Cordia longipes, Cordia ugandensis, Gerascanthus millenii",Valued light timber; heavily exploited outside forest reserves,Cordia,no,,Protected Species (NFA 2003),Harvesting restricted,National Forestry and Tree Planting Act 2003
2684500,Uganda,,NATIONAL,,Juniperus procera,Pinopsida,species,Cupressaceae,"African Pencil Cedar, African juniper, African pencil-cedar, East African Cedar, East African juniper, East African-cedar, Kenya-cedar, african-juniper, African Juniper","Juniperus abyssinica, Juniperus hochstetteri, Juniperus procera, Sabina procera",Afromontane conifer; Mt Elgon and Karamoja; very slow regeneration,Juniperus,no,,Protected Species (NFA 2003),Harvesting restricted,National Forestry and Tree Planting Act 2003
2886750,Uganda,,NATIONAL,,Vitellaria paradoxa,Magnoliopsida,species,Sapotaceae,"Shea Butter Tree, bambouk-buttertree, galam-buttertree, karite-nut, shea, shea butter, shea-buttertree, sheatree","Butyrospermum paradoxum, Lucuma paradoxa",Northern Uganda woodlands; economic livelihood species; export product,Vitellaria,no,,Protected Species (NFA 2003),Harvesting restricted,National Forestry and Tree Planting Act 2003
4143264,Uganda,,NATIONAL,,Oldeania alpina,Liliopsida,species,Poaceae,African alpine bamboo,NA,"Bwindi, Mgahinga, Echuya; gorilla habitat; community harvest under MUR permits",Oldeania,no,,Protected Species (NFA 2003),Harvesting regulated,National Forestry and Tree Planting Act 2003
3022853,Uganda,,NATIONAL,,Prunus africana,Magnoliopsida,species,Rosaceae,"African Almond, African cherry, Red Stinkwood, pygeum, African Cherry","Laurocerasus africana, Laurocerasus crassifolia, Prunus crassifolia, Pygeum africanum, Pygeum crassifolium",Bark harvested for prostate medication; severe over-exploitation,Prunus,no,,Regulated (CITES Appendix II),Export permit required,CITES Regs / NFA
2777864,Uganda,,NATIONAL,,Aloe dawei,Magnoliopsida,species,Asphodelaceae,Orange Flame Aloe,"Aloe beniensis, Aloe pole-evansiae, Aloe pole-evansii",Uganda endemic aloe; all Aloe spp. CITES Appendix II,Aloe,no,,Regulated (CITES Appendix II),Export permit required,CITES Regs / NFA
2777724,Uganda,,NATIONAL,,Aloe vera,Magnoliopsida,species,Asphodelaceae,"Barbados Aloe, Barbados Aloes, Barbados aloe, Common Aloes, Curaçao aloe, Indian aloe, Jaffarabad aloe, Mediterranean aloe, West Indian aloe, aloe vera, burn plant, coastal aloe, common aloe, medicinal aloe, star cactus, true aloe, unguentine cactus, Aloe","Aloe barbadensis, Aloe barbadensis chinensis, Aloe chinensis, Aloe elongata, Aloe flava, Aloe humilis, Aloe indica, Aloe lanzae, Aloe maculata, Aloe perfoliata barbadensis, Aloe perfoliata vera, Aloe rubescens, Aloe variegata, Aloe vera chinensis, Aloe vera lanzae, Aloe vera littoralis, Aloe vulgaris",All Aloe spp. CITES Appendix II; commercial harvest for cosmetics/medicine regulated,Aloe,no,,Regulated (CITES Appendix II),Export permit required,CITES Regs / NFA
2777966,Uganda,,NATIONAL,,Aloe lateritia,Magnoliopsida,species,Asphodelaceae,Rwenzori aloe,NA,Albertine Rift endemic aloe; traded for traditional medicine,Aloe,no,,Regulated (CITES Appendix II),Export permit required,CITES Regs / NFA
2792122,Uganda,,NATIONAL,,Polystachya bella,Magnoliopsida,species,Orchidaceae,Uganda orchid,NA,All orchids CITES Appendix II; forest epiphytes under collection pressure,Polystachya,no,,Regulated (CITES Appendix II),Collection permit required,CITES Regs / Wildlife Act 2019
2783814,Uganda,,NATIONAL,,Disa stairsii,Magnoliopsida,species,Orchidaceae,Disa orchid,"Disa bakeri, Disa gregoriana, Disa luxurians, Disa wissmannii",Montane terrestrial orchid; Rwenzori and Elgon; all Orchidaceae CITES App II,Disa,no,,Regulated (CITES Appendix II),Collection permit required,CITES Regs / Wildlife Act 2019
5311649,Uganda,,NATIONAL,,Eulophia horsfallii,Magnoliopsida,species,Orchidaceae,African butterfly orchid,Lissochilus horsfallii,Widespread terrestrial orchid; traded in local markets; all Orchidaceae CITES App II,Eulophia,no,,Regulated (CITES Appendix II),Collection permit required,CITES Regs / Wildlife Act 2019
2683800,Uganda,,NATIONAL,,Encephalartos whitelockii,Cycadopsida,species,Zamiaceae,Muzaiti cycad,Encephalartos successibus,Only known on rocky slopes near Murchison Falls; <200 plants known,Encephalartos,no,,Critically Endangered (CITES App I),Collection/trade prohibited,Uganda Wildlife Act 2019 / CITES
2683712,Uganda,,NATIONAL,,Encephalartos macrostrobilus,Cycadopsida,species,Zamiaceae,Busoga cycad,NA,Eastern Uganda; highly threatened by poaching and habitat loss,Encephalartos,no,,Critically Endangered (CITES App I),Collection/trade prohibited,Uganda Wildlife Act 2019 / CITES
2683674,Uganda,,NATIONAL,,Encephalartos equatorialis,Cycadopsida,species,Zamiaceae,Equatorial cycad,Encephalartos imbricans,NW Uganda and Congo border; all Encephalartos spp. CITES Appendix I,Encephalartos,no,,Protected (CITES App I),Collection/trade prohibited,Uganda Wildlife Act 2019 / CITES
2683754,Uganda,,NATIONAL,,Encephalartos septentrionalis,Cycadopsida,species,Zamiaceae,Nile Cycad,NA,Northern Uganda rocky outcrops; poached for horticulture trade,Encephalartos,no,,Protected (CITES App I),Collection/trade prohibited,Uganda Wildlife Act 2019 / CITES
2968897,Uganda,,NATIONAL,,Dalbergia melanoxylon,Magnoliopsida,species,Fabaceae,"African Ebony, African blackwood, African-ebony, Chinese blackwood, Mozambique Ebony, Mozambique-ebony, Senaar-ebony, Senegal-ebony, Sudan-ebony, african-blackwood, poyi, African Blackwood","Amerimnon melanoxylon, Amerimnon stocksii, Dalbergia stocksii",Musical instrument wood; Karamoja woodlands; all Dalbergia spp. CITES App II since CoP17,Dalbergia,no,,Regulated (CITES Appendix II),Export permit required,CITES Regs / NFA 2003
5349274,Uganda,,NATIONAL,,Pterocarpus tinctorius,Magnoliopsida,species,Fabaceae,African rosewood,"Lingoum tinctorium, Pterocarpus cabrae, Pterocarpus delevoyi, Pterocarpus odoratus",Northern Uganda savanna woodlands; harvested for timber and dye; under pressure,Pterocarpus,no,,Protected Species (NFA 2003),Harvesting restricted,National Forestry and Tree Planting Act 2003
5409050,Uganda,,NATIONAL,,Lobelia wollastonii,Magnoliopsida,species,Campanulaceae,Giant lobelia (Rwenzori),Lobelia wollastonii scaettana,Afro-alpine giant rosette; Rwenzori Mountains NP; iconic endemic,Lobelia,no,,Protected (UWA conservation order),Collection prohibited in NPs,Uganda Wildlife Act 2019
3118074,Uganda,,NATIONAL,,Dendrosenecio adnivalis,Magnoliopsida,species,Asteraceae,Giant groundsel (Rwenzori),"Dendrosenecio johnstonei refractisquamatus, Senecio albescens, Senecio johnstonei refractisquamatus, Senecio johnstonii adnivalis, Senecio refractisquamatus",Afro-alpine endemic; Rwenzori upper zones; climate-sensitive indicator species,Dendrosenecio,no,,Protected (UWA conservation order),Collection prohibited in NPs,Uganda Wildlife Act 2019
7327817,Uganda,,NATIONAL,,Erica trimera,Magnoliopsida,species,Ericaceae,Rwenzori tree heather,NA,Ericaceous zone dominant; Rwenzori and Virunga mountains; slow regeneration,Erica,no,,Protected (UWA conservation order),Collection prohibited in NPs,Uganda Wildlife Act 2019
4930932,Uganda,,NATIONAL,,Begonia meyeri-johannis,Magnoliopsida,species,Begoniaceae,Bwindi begonia,NA,Albertine Rift forest understorey; Bwindi and Kibale forests,Begonia,no,,Protected within NP boundaries,Collection prohibited in NPs,Uganda Wildlife Act 2019
3819564,Uganda,,NATIONAL,,Streptocarpus teitensis,Magnoliopsida,species,Gesneriaceae,African violet (wild Uganda),NA,Eastern Arc/Albertine Rift; very restricted range; habitat loss threat,Streptocarpus,no,,Protected (UWA conservation order),Collection prohibited,Uganda Wildlife Act 2019 / NEA 2019
2882429,Uganda,,NATIONAL,,Nymphaea lotus,Magnoliopsida,species,Nymphaeaceae,"Egyptian lotus, Egyptian water-lily, Water Lily, White Egyptian Lotus, White egyptian lotus, tiger lotus, white Egyptian lotus, white lotus, white water-lily, White lotus, White water-lily","Castalia edulis, Castalia lotus, Castalia mystica, Castalia pubescens, Castalia sacra, Castalia thermalis, Leuconymphaea lotus, Nymphaea acutidens, Nymphaea aegyptiaca, Nymphaea boucheana, Nymphaea coteka, Nymphaea dentata, Nymphaea edulis, Nymphaea esculenta, Nymphaea fragrantissima, Nymphaea hypotricha, Nymphaea leucantha, Nymphaea liberiensis, Nymphaea lotus thermalis, Nymphaea lotus dentata, Nymphaea lotus aegyptia, Nymphaea lotus grandiflora, Nymphaea lotus monstrosa, Nymphaea lotus ortgiesiana, Nymphaea ortgiesiana, Nymphaea reichardiana, Nymphaea sagittata, Nymphaea thermalis, Nymphaea zenkeri, Nymphaea omarana, Nymphaea ortgiesiano-rubra",Wetland species; protected under NEA 2019 wetland provisions,Nymphaea,no,,Regulated (NFA wetland rules),Collection regulated,NEA 2019 / NFA 2003
2716311,Uganda,,NATIONAL,,Cyperus papyrus,Liliopsida,species,Cyperaceae,"Egyptian paperplant, Papyrus, Papyrus Sedge, papyrus","Chlorocyperus papyrus, Cyperus domesticus",Dominant Lake Victoria swamp species; critical water filtration; unsustainable harvest for fuel,Cyperus,no,,Regulated (NEA 2019 wetland rules),Harvesting regulated,NEA 2019
2765940,Uganda,,NATIONAL,,Pontederia crassipes,Magnoliopsida,species,Pontederiaceae,"Common water hyacinth, Kachuripana, Water hyacinth, common water hyacinth, common water-hyacinth, floating water hyacinth, floating waterhyacinth, lilac-devil, water hyacinth, water-hyacinth, Water-hyacinth",NA,"Covers ~4,000 ha of Lake Victoria; major economic and ecological threat",Pontederia,no,,Notified Invasive Species,Eradication mandated,NEA 2019 / MAAIF regulations
2925303,Uganda,,NATIONAL,,Lantana camara,Magnoliopsida,species,Verbenaceae,"Black Sage, Lantana, Largeleaf Lantana, Sage, Scrubby Cup, Scrubby Tree, Statia Sage, Wild Lantana, Yellow Sage, common lantana, kamara lantana, largeleaf lantana, wild sage, Common Lantana, Wild Sage, shrub verbena, wild sage bush","Camara vulgaris, Lantana camara camara, Lantana camara parvifolia, Lantana coccinea, Lantana glandulodissima, Lantana mexicana, Lantana spinosa, Lantana urticifolia urticifolia",Major understory invasive in Uganda national parks; Queen Elizabeth NP,Lantana,no,,Invasive Species,Control in protected areas,Uganda Wildlife Act 2019 / NEA 2019
5361944,Uganda,,NATIONAL,,Broussonetia papyrifera,Magnoliopsida,species,Moraceae,"Paper Mulberry, Paper mulberry, Tapa Cloth Tree, Wauke, paper mulberry, paper-mulberry, tapa-cloth-tree, wauke","Broussonetia billardii, Broussonetia cordata, Broussonetia cucullata, Broussonetia dissecta, Broussonetia elegans, Broussonetia kasii, Broussonetia kazi, Broussonetia maculata, Broussonetia nana, Broussonetia navicularis, Broussonetia navifolia, Broussonetia papyrifera, Broussonetia papyrifera laciniata, Broussonetia papyrifera leucocarpa, Broussonetia papyrifera lucida, Broussonetia papyrifera oppositifolia, Broussonetia papyrifera variegata, Broussonetia papyrifera cucullata, Broussonetia papyrifera integrifolia, Broussonetia papyrifera japonica, Broussonetia papyrifera normalis, Broussonetia spathulata, Broussonetia tricolor, Morus alba indica, Morus alba nigriformis, Morus alba stylosa, Morus australis, Morus australis incisa, Morus australis inusitata, Morus australis linearipartita, Morus australis oblongifolia, Morus bombycis angustifolia, Morus bombycis bifida, Morus bombycis longistyla, Morus bombycis tiliifolia, Morus papyrifera, Morus stylosa ovalifolia, Papyrius japonica, Papyrius papyrifera, Papyrius polymorphus, Smithiodendron artocarpoideum, Stenochasma ancolanum, Streblus cordatus, Trophis cordata",Rapidly colonises degraded forest and farmland; Mabira and peri-urban forests,Broussonetia,no,,Invasive Species,Control mandated,NEA 2019 / NFA 2003
3087725,Uganda,,NATIONAL,,Chromolaena odorata,Magnoliopsida,species,Asteraceae,"Bitter bush, Jack in the bush, Siam weed, Triffid weed, Christmas Bush, Christmasbush, Jack in the bush, Siamweed, bitterbush, butterfly-weed, devilweed, hagonoy, jack-in-the-bush, paraffin-weed, triffidweed, Siam weed","Chromolaena barranquillensis, Chromolaena clematitis, Chromolaena odorata squarrosa, Chrysocoma maculata, Chrysocoma volubilis, Eupatorium atriplicifolium, Eupatorium barranquillense, Eupatorium brachiatum, Eupatorium clematitis, Eupatorium conyzoides, Eupatorium conyzoides angustiflorum, Eupatorium conyzoides conyzoides, Eupatorium conyzoides glabratum, Eupatorium conyzoides floribunda, Eupatorium conyzoides heterolepis, Eupatorium conyzoides incanum, Eupatorium conyzoides paucidentatum, Eupatorium conyzoides pauciflorum, Eupatorium conyzoides scaberulum, Eupatorium conyzoides tambillense, Eupatorium conyzoides extensum, Eupatorium conyzoides floribundum, Eupatorium conyzoides glabrescens, Eupatorium conyzoides maximiliani, Eupatorium conyzoides phyllocephalum, Eupatorium dichotomum, Eupatorium divergens, Eupatorium floribundum, Eupatorium graciliflorum, Eupatorium incisum, Eupatorium klattii, Eupatorium margaritense glabrescens, Eupatorium margaritense heterolepis, Eupatorium margaritense phyllocephalum, Eupatorium odoratum, Eupatorium odoratum odoratum, Eupatorium odoratum scandens, Eupatorium odoratum squarrosum, Eupatorium odoratum brachiatum, Eupatorium odoratum cubense, Eupatorium odoratum mallotophyllum, Eupatorium odoratum pauciflorum, Eupatorium sabeanum, Eupatorium stigmatosum, Eupatorium stigmatosum stigmatosum, Osmia atriplicifolia, Osmia clematitis, Osmia conyzoides, Osmia divergens, Osmia floribunda, Osmia graciliflora, Osmia odorata",Widespread shrubby invasive; forest edge and disturbed areas,Chromolaena,no,,Invasive Species,Control in protected areas,NEA 2019 / UWA Act 2019
7808904,Uganda,,NATIONAL,,Mimosa diplotricha,Magnoliopsida,species,Fabaceae,"Giant sensitive plant, giant false sensitive plant, giant sensitive-plant",NA,Expanding in roadsides and degraded land; MAAIF priority weed,Mimosa,no,,Invasive Species,Control mandated,NEA 2019 / MAAIF
2969431,Uganda,,NATIONAL,,Mimosa pigra,Magnoliopsida,species,Fabaceae,"Black mimosa, Giant sensitive-plant, Giant sensitive-tree, bashful plant, bashfulplant, black mimosa, catclaw mimosa, giant mimosa, giant sensitive-plant, giant sensitive-tree, sensitive-plant, thorny sensitive plant, thorny sensitive-plant","Mimosa asperata pigra, Mimosa brasiliensis, Mimosa polycantha",Invades wetlands and lakeshores; Lake Kyoga and Victoria fringes; IUCN top 100 invasive,Mimosa,no,,Invasive Species,Control mandated,NEA 2019 / MAAIF
2979775,Uganda,,NATIONAL,,Acacia mearnsii,Magnoliopsida,species,Fabaceae,"Black wattle, black wattle, green wattle, late black wattle, tan wattle, wattle","Acacia decurrens mollis, Acacia decurrens mollissima, Acacia mollissima, Racosperma mearnsii",Naturalised in highlands; transforms native montane vegetation,Acacia,no,,Invasive Species,Restricted planting,NEA 2019 / NFA 2003
3086784,Uganda,,NATIONAL,,Parthenium hysterophorus,Magnoliopsida,species,Asteraceae,"Santa Maria, Santa Maria feverfew, Santa Maria, Parthenium weed, Santa maria feverfew, Santa-Maria, Santa-Maria, Santa Maria feverfew, Whitetop weed, Famine weed, Carrot grass, Congress grass, Wild Carrot Weed, Parthenium weed, Ragweed parthenium, Bitter-broom, Bitterweed, False camomile, False ragweed, Ragweed, Barley flower, Bastard feverfew, Broomweed, Mugwort, Whiteheads, Wormwood, Whitehead, Whitetop weed, bitterweed, carrot-grass, false ragweed, feverfew, parthenium-weed, ragweed parthenium, whitetop, whitetop weed, Santa Maria Feverfew, Parthenium weed, parthenium","Argyrochaeta bipinnatifida, Argyrochaeta parviflora, Echetrosis pentasperma, Parthenium hysterophorus hysterophorus, Parthenium lobatum, Parthenium pinnatifidum",Rapidly spreading weed; causes severe human and livestock allergies,Parthenium,no,,Notified Noxious Weed,Control mandated <U+2014> MAAIF,MAAIF / PPCA 2016
5828220,Uganda,,NATIONAL,,Cenchrus purpureus,Liliopsida,species,Poaceae,"Elephant grass, Morrone, Napier Grass, Uganda grass, Elephant Grass","Gymnotrix nitens, Pennisetum benthamii, Pennisetum benthamii nudum, Pennisetum benthamii sambesiense, Pennisetum benthamii ternatum, Pennisetum blepharideum, Pennisetum flavicomum, Pennisetum flexispica, Pennisetum giganteum, Pennisetum gossweileri, Pennisetum hainanense, Pennisetum lachnorrhachis, Pennisetum macrostachyum, Pennisetum nitens, Pennisetum pallescens, Pennisetum pruinosum, Pennisetum purpureum, Pennisetum purpureum benthamii, Pennisetum purpureum flexispica",Widely planted for fodder; invasive in riparian and forest edge zones,Cenchrus,no,,Potentially Invasive Grass,Restricted in natural areas,NEA 2019
3190474,Uganda,,NATIONAL,,Azadirachta indica,Magnoliopsida,species,Meliaceae,"Indian lilac, Indian-lilac, Neem, Neem Tree, neem, nimtree","Antelaea azadirachta, Antelaea canescens, Antelaea javanica, Azadirachta indica vartakii, Azadirachta indica minor, Azadirachta indica siamensis, Azedarach deleteria, Azedarach fraxinifolia, Melia azadirachta, Melia fraxinifolia, Melia hasskarlii, Melia indica, Melia japonica, Melia parviflora, Melia pinnata",Widely planted but naturalising aggressively in Karamoja and northern savanna,Azadirachta,no,,Invasive Species (naturalised),Restricted planting near natural forest,NEA 2019 / NFA 2003
5358460,Uganda,,NATIONAL,,Prosopis juliflora,Magnoliopsida,species,Fabaceae,"Mesquite, Prosopis, Mesquite, Algaroba bean, Mexican thorn, Ironwood, algarroba-bean, ironwood, mesquite","Acacia juliflora, Algarobia juliflora, Entada juliflora, Mimosa furcata, Mimosa juliflora, Neltuma juliflora, Neltuma occidenatlis, Prosopis vidaliana",Dryland invasive; spreading in Karamoja cattle corridor; suppresses native browse,Prosopis,no,,Invasive Species,Control mandated,NEA 2019 / MAAIF
